polygon_id,polygon_area_km2,grid_name,grid_cell_area_km2,ratio,calculated_scale_factor,mean_at_scale_factor,mean_at_original_resolution,difference,pct_difference,scaled_difference,scaled_pct_difference
190804040401,117.59745550140708,12km,144.0,0.8166489965375492,16,0.004655171508358091,0.0,2.417826165323672,61.995541184618375,0.004655171508358091,inf
190804041201,120.9947697620597,12km,144.0,0.8402414566809702,16,0.0030464046436954675,0.0006990380848958429,1.7596640226219886,42.91863569639974,0.0023473665587996247,335.79952359096194
190804040106,151.56145718721794,12km,144.0,1.05251011935568,15,0.029907652045371397,0.007689425600407307,7.4095056863792035,121.46730823310583,0.02221822644496409,288.94520344649925
190902010107,121.13737570722941,12km,144.0,0.8412317757446487,16,0.010622102839140859,0.004543750885099496,2.8171548264794772,54.17605634254047,0.0060783519540413625,133.77388214601166
190901040503,57.38005179178396,12km,144.0,0.39847258188738865,16,0.01622503794812134,0.00803894464285523,3.412820351429474,55.04549123258736,0.00818609330526611,101.83044751454608
190901040705,108.54770706935948,12km,144.0,0.7538035213149964,16,0.018311674390883197,0.010485581273267198,3.3070753565374407,47.92862769317593,0.007826093117616,74.63671220181645
190902010201,146.87597506048013,12km,144.0,1.019972049031112,15,0.015437503752085722,0.009087503436837254,2.8885375049274433,44.43903853734528,0.006350000315248468,69.87618061862845
190803110502,151.92224787901642,12km,144.0,1.0550156102709474,15,0.008757387207988705,0.005242790636633597,2.0861003003065193,38.63148636045672,0.0035145965713551074,67.0367522745832
190803090305,144.36226631455662,12km,144.0,1.002515738295532,15,0.04389004890250661,0.03110722477735367,4.691566264294238,36.65286089362855,0.012782824125152942,41.0927821965621
190804040805,118.26730300877894,12km,144.0,0.8213007153387426,16,0.050035510887900356,0.03635001541398727,4.941738564035166,34.55761187497729,0.013685495473913088,37.64921504998039
190803110503,133.26223963474115,12km,144.0,0.9254322196857024,16,0.028589410460224573,0.020971160879896138,3.234082625599836,32.667502527439076,0.007618249580328435,36.32726687835206
190804020408,173.23370646862531,12km,144.0,1.2030118504765648,15,0.019648664404468785,0.014679814782557032,2.4878378011084887,30.71404548078646,0.004968849621911752,33.84817653023715
190804041105,145.12686902749996,12km,144.0,1.0078254793576387,15,0.03533307882873561,0.026563472225615913,3.554618341376983,30.90972470762594,0.0087696066031197,33.01378121292034
190804040502,133.2905748704765,12km,144.0,0.9256289921560867,16,0.030976298858736265,0.023417799176946363,3.213846210333017,30.319302779943918,0.007558499681789902,32.27672944275166
190901040109,147.2703732137082,12km,144.0,1.022710925095196,15,0.02418896988669238,0.018524525916122428,2.6808765380980955,29.13996297476265,0.0056644439705699524,30.57807792878534
190804040605,88.43316563027876,12km,144.0,0.6141192057658248,16,0.028298249847929637,0.022718757758774,2.6511627019837842,25.49194999257554,0.005579492089155636,24.558966420603838
190804040508,102.3067874745153,12km,144.0,0.7104638019063563,16,0.0491520875750054,0.039495688462656824,3.7901479317049684,24.93518407411222,0.009656399112348578,24.449248736298657
190901040407,143.33473711632666,12km,144.0,0.9953801188633796,16,0.008193575635176958,0.006640868473063544,1.5255317400533253,26.302270515271132,0.0015527071621134134,23.381085898801476
190804040808,164.28056975259872,12km,144.0,1.1408372899486023,15,0.052584317746494275,0.04264136484460289,3.8676156420724688,24.022456834994212,0.009942952901891386,23.317623481627052
190804041702,121.83243161669346,12km,144.0,0.8460585528937046,16,0.02830225005156094,0.023068278467860186,2.5523015425295004,24.307633738376193,0.005233971583700755,22.68904283860181
190804032303,131.22226427840872,12km,144.0,0.9112657241556161,16,0.07075418672244288,0.05767069533633133,4.742231665379499,23.246234088513944,0.013083491386111548,22.686550439195454
190804040204,145.66010888434943,12km,144.0,1.0115285339190931,15,0.030437227045037655,0.02481587534673805,2.660323787797317,24.184761707248338,0.005621351698299606,22.65224022830414
190804040607,126.74621153788917,12km,144.0,0.8801820245686748,16,0.02767824243975389,0.022718757758774,2.474590168624628,23.79413710953902,0.004959484680979887,21.829911360644402
1908040412,240.90716167462978,12km,144.0,1.6729664005182623,15,0.012390514992474698,0.010310821752043238,1.6707823684571128,24.39098297175959,0.00207969324043146,20.170004781814203
190803110601,52.55999121843443,12km,144.0,0.3649999390169058,16,0.032745317026704496,0.027612031019597937,2.5176468643487677,21.33599003096268,0.005133286007106559,18.590758511980354
190804040301,77.30864421083555,12km,144.0,0.5368655847974692,16,0.03735667642613276,0.03180626286224952,2.6309207364132536,20.23785181856349,0.005550413563883243,17.450693870957608
1908040415,576.8319332081089,12km,144.0,4.005777313945201,14,0.02654315258302654,0.022602253077929624,2.184659611395073,21.07388666815023,0.003940899505096917,17.435870182982242
190804040506,133.70910568064352,12km,144.0,0.92853545611558,16,0.037493361856224414,0.032155783571335694,2.5698471360534203,19.617153139083356,0.005337578284888719,16.59912367878587
190902010602,104.74890179004704,12km,144.0,0.7274229290975489,16,0.03440460185954261,0.03040818669245783,2.190196070016599,17.38250796593328,0.00399641516708478,13.142563242930938
190803090402,147.7576218204491,12km,144.0,1.026094595975341,15,0.04315910040011425,0.0384471296686748,2.383399277336512,15.995968713800604,0.0047119707314394535,12.255715243363358
190803111602,156.0621102843158,12km,144.0,1.083764654752193,15,0.041544572000910635,0.03739857420796929,2.223595347743803,15.230104723599755,0.004145997792941343,11.085978224426185
190804031801,47.25632703262157,12km,144.0,0.32816893772653866,16,0.04931368906319754,0.04473848243256694,2.336169628386802,13.989039051849725,0.004575206630630602,10.226557500082132
190804040305,47.2451143176503,12km,144.0,0.3280910716503493,16,0.03927562421083833,0.03565097732909143,2.0774194245697366,14.73347069763125,0.0036246468817469,10.16703370650421
190803090307,135.10722368963783,12km,144.0,0.9382446089558183,16,0.032216488334505064,0.029359627898475807,1.867041209217314,15.179196587522718,0.002856860436029257,9.730574399335524
190804041003,164.42342072934937,12km,144.0,1.1418293106204818,15,0.03505072018207017,0.032155783571335694,1.874204756935578,14.306906124878338,0.0028949366107344776,9.002848909939429
190804041311,102.25841854446138,12km,144.0,0.7101279065587596,16,0.05437567056859684,0.05033078711173368,2.1777779583769714,11.900426498196833,0.0040448834568631575,8.036598847309044
190804041804,114.65911641663493,12km,144.0,0.7962438640044093,16,0.05794329629672411,0.05417550157857559,2.09380529623116,10.79281101753849,0.0037677947181485177,6.954794341283112
190804032502,115.09983657225979,12km,144.0,0.799304420640693,16,0.042003959250150255,0.039845209171743,1.654424895227482,10.813234474528588,0.002158750078407254,5.4178409984058336
1908040318,245.01181793418428,12km,144.0,1.7014709578762797,15,0.05080374975612116,0.0484666866631036,1.6938595444772062,9.533918602715033,0.0023370630930175593,4.821998890212364
190804041306,38.46127236865677,2km,4.0,9.615318092164193,12,0.09433970573267292,0.09122455674409696,1.8591749644381217,6.197249881460406,0.0031151489885759553,3.414814058581362
190804031209,157.5908335913729,12km,144.0,1.0943807888289785,15,0.08269897675129884,0.08003993405265741,1.7440008128773066,6.507465904945266,0.002659042698641423,3.322145039365059
1909010405,990.1794706754611,12km,144.0,6.876246324135146,13,0.030616941933167132,0.029670310380670674,1.3226162945782693,10.675826775631982,0.0009466315524964582,3.190501010441605
190803090208,85.21631971658624,12km,144.0,0.5917799980318489,16,0.05583708862231607,0.054525022287661776,1.3939759128065,7.148594424648717,0.001312066334654291,2.406356347242049
1908040316,361.7841492889903,12km,144.0,2.5123899256179882,15,0.06763341155124411,0.066059162354911,1.453462393387504,6.374835005388031,0.0015742491963331162,2.3830898549322623
190804040201,139.49245648147127,12km,144.0,0.9686976144546615,16,0.0281415016254136,0.027612031019597937,1.206521645836208,10.224759545203618,0.0005294706058156622,1.9175358938278197
190804031802,205.24592148965831,12km,144.0,1.4253188992337382,15,0.05105313598884101,0.05033078877837194,1.231549516865904,6.729778885901398,0.0007223472104690709,1.4351994633938197
190901040409,142.9193890805442,12km,144.0,0.9924957575037792,16,0.012405011213095656,0.012233178152145065,1.1249108093913343,15.201497228298063,0.0001718330609505915,1.4046477441388434
190804040101,65.72312171881347,771m,0.594441,110.56290148023685,4,0.4616696976014405,0.45644052994086415,1.9805437072819814,1.4726227376032035,0.00522916766057635,1.1456405199717552
190804041305,34.13772647190445,2km,4.0,8.534431617976113,12,0.0825416637355032,0.08178753359815649,1.1991987179487182,4.392669296515452,0.0007541301373467091,0.922060006176427
190902010204,36.92392426068578,2km,4.0,9.230981065171445,12,0.13424220662794795,0.13316688183716577,1.2230483271375476,2.9120198265179704,0.0010753247907821784,0.8075016670414101
190901040106,47.12178679442782,2km,4.0,11.780446698606955,11,0.12008953516912062,0.11918610680614283,1.1924947880472558,3.138144179071726,0.0009034283629777845,0.75799804791612
190804020504,39.678718344920526,2km,4.0,9.919679586230131,12,0.15269012183174369,0.15159608528715052,1.2041213796569679,2.547179841582047,0.0010940365445931688,0.7216786254875018
190804040106,151.56145718721794,771m,0.594441,254.96467637194934,3,0.3324686826479966,0.33037226713803997,1.2542908031088018,1.2744024670418053,0.0020964155099566506,0.634561589602405
190804041202,116.8567368401029,12km,144.0,0.811505116945159,16,0.020047165350599725,0.01992260541919063,1.1013272863573729,11.472158777026669,0.00012455993140909546,0.6252190854972813
190902010205,127.90019758246228,771m,0.594441,215.16045761053206,3,0.4046092096531074,0.40223296202896436,1.2394038858470964,1.0416757531585144,0.0023762476241430686,0.5907640219629633
190804040904,60.20034351452202,2km,4.0,15.050085878630505,10,0.1013304118444338,0.10077808634862931,1.116731855714903,3.4116044471942044,0.0005523254958044871,0.5480611071476248
190901040408,62.43433777731426,2km,4.0,15.608584444328566,10,0.16912257866416622,0.16833726902458282,1.094164560960202,2.101636611688263,0.0007853096395833981,0.4665096708137262
190901040402,42.20832598406575,771m,0.594441,71.0050719652005,5,0.5247714508580729,0.5224133190565259,1.0760673908924332,0.7016327004625105,0.002358131801546981,0.45139197557323907
190804040105,108.27626414662174,12km,144.0,0.7519185010182066,16,0.03861550062460359,0.0384471296686748,1.0894229274529685,7.311563458687045,0.00016837095592878853,0.4379285459792608
1908040401,599.2414402327132,20km,400.0,1.498103600581783,15,0.9901545002126173,0.9858460012549086,1.0215601839471447,0.35724182338588545,0.004308498957708684,0.43703569849898316
190804031903,98.84422895340491,12km,144.0,0.6864182566208674,16,0.08740606272741537,0.08703032156816887,1.0845365622608938,3.765752052053132,0.00037574115924650375,0.4317359197072416
190804032302,122.72057781652472,20km,400.0,0.3068014445413118,16,0.9930125161048404,0.9892125572052959,0.872301603618439,0.3040217309749782,0.003799958899544542,0.38413977581118786
190902010202,48.17611948404806,2km,4.0,12.044029871012015,11,0.12778173805030205,0.12734155890757287,1.0498316498316456,2.602888388012344,0.0004401791427291746,0.34566809649995384
1909020104,310.8328685976861,20km,400.0,0.7770821714942153,16,0.9881513643757853,0.9848861242826783,0.7257127998288979,0.25402731069101087,0.0032652400931070247,0.331534784844816
190902010109,56.57772533439662,771m,0.594441,95.17803336983253,4,0.4023631670379786,0.4011198481842966,0.9182210041774113,0.7738039247517955,0.0012433188536820072,0.30996193763783986
190804040402,147.24518491469073,20km,400.0,0.3681129622867268,16,0.9847025721706577,0.9817099650869785,0.6522497228673956,0.2290409672173096,0.0029926070836792107,0.30483617260766716
190902010102,45.75426146610412,2km,4.0,11.43856536652603,11,0.18897921504015766,0.18845449218712007,0.9934741875040345,1.7182729658088647,0.0005247228530375903,0.2784347812290847
190804040205,147.9313884390881,771m,0.594441,248.85798328023824,3,0.2629325087063916,0.26229094272591497,0.9295690508322139,1.1775145164139535,0.0006415659804766549,0.24460089006850283
190803091006,122.17450387206121,2km,4.0,30.543625968015302,8,0.11070172129697188,0.11044812241175349,1.0189298334174666,2.8702248828661032,0.00025359888521839236,0.22960905054860875
1908040408,778.1692042507433,20km,400.0,1.9454230106268582,15,0.9950044495015227,0.9930054525553946,0.35441175853935647,0.12305708262057512,0.00199899694612804,0.20130775122974728
1908040411,494.7137914402431,20km,400.0,1.2367844786006077,15,0.9911846299357812,0.9891983707804368,0.3557949009897925,0.1240063200952161,0.0019862591553443387,0.20079482680276373
1908040402,601.8851576204796,20km,400.0,1.5047128940511991,15,0.9935435422793601,0.9915891033637332,0.3435861825360007,0.11946637065973525,0.001954438915626966,0.1971016935338429
190804041301,72.23538594473881,20km,400.0,0.18058846486184701,16,0.9952906753655089,0.993335153602307,0.34159647623698675,0.11856858978046309,0.001955521763201906,0.19686424628286353
1908040212,537.7462340696507,20km,400.0,1.3443655851741267,15,0.9963853284633977,0.9944602544249634,0.33144441889135123,0.11491639915475567,0.0019250740384342269,0.19357978660971034
190804040505,99.6574164930065,2km,4.0,24.914354123251623,9,0.10796484363397911,0.10775951182886448,1.0087224603353633,2.9044057551184324,0.00020533180511463078,0.19054633937162155
190804020502,125.35944869443165,20km,400.0,0.31339862173607913,16,0.9912392778374728,0.9894095671805943,0.3109333271883088,0.10834775605972587,0.001829710656878536,0.18492954965984917
190803090108,146.9196605117756,12km,144.0,1.0202754202206639,15,0.04762103436726052,0.04753463477215031,1.0541175580492208,6.023528903138405,8.6399595110212e-05,0.18176135258923243
1908031106,616.1437863149606,20km,400.0,1.5403594657874016,15,0.9956434349691805,0.9938643179160345,0.290661533483501,0.10083601395031334,0.0017791170531460399,0.1790100540963728
1908030904,703.9907607978083,20km,400.0,1.7599769019945208,15,0.9974078530003534,0.9956510607943354,0.28195196800788835,0.09764133802614561,0.0017567922060179875,0.17644657603401837
190804041105,145.12686902749996,20km,400.0,0.3628171725687499,16,0.9908802377815491,0.9891983707804368,0.26910675323762234,0.09379262628254,0.0016818670011122805,0.17002322797856578
1908030906,814.6647013102379,20km,400.0,2.036661753275595,15,0.9932790239216849,0.9915936010648476,0.2669669088647879,0.09282510941151156,0.0016854228568372598,0.16997113081683124
190901040205,133.545924791328,771m,0.594441,224.6579976672672,3,0.419653656643647,0.41894286095302946,0.7431051577264753,0.6004280901051434,0.0007107956906175494,0.16966411338305193
1908040415,576.8319332081089,20km,400.0,1.4420798330202722,15,0.9913326440259422,0.9896763359668534,0.26119871501680336,0.09099304396583362,0.0016563080590887846,0.16735855944970862
1908031116,433.7491304938217,20km,400.0,1.0843728262345542,15,0.9982293314333481,0.9966014445950435,0.24399001606496995,0.0844154401864382,0.0016278868383046152,0.16334381684205632
1908040312,1120.725596296817,20km,400.0,2.8018139907420423,15,0.9947867067114884,0.9932180889310076,0.2315637783741522,0.08038543966677682,0.0015686177804807855,0.15793286469128606
190804031802,205.24592148965831,20km,400.0,0.5131148037241458,16,0.9954064644533827,0.9938748777360424,0.22015322171722573,0.07637453912575219,0.0015315867173402165,0.15410256880916773
190803110503,133.26223963474115,20km,400.0,0.3331555990868529,16,0.9951812723330897,0.9937773860644545,0.18391359769378823,0.06380863055886811,0.0014038862686351905,0.14126768110460275
190803090103,128.00682105464585,12km,144.0,0.8889362573239296,16,0.015749146592348395,0.015728370243262537,1.0772909643165622,12.824893014757697,2.077634908585757e-05,0.1320947355925666
190804032104,177.38985967640718,20km,400.0,0.443474649191018,16,0.9937948696911267,0.9925220474617011,0.1482399718402121,0.05149587269147207,0.0012728222294255964,0.12824120458389227
190901040405,113.76186825106356,771m,0.594441,191.37621437798464,3,0.4698342350478516,0.4692334024722104,0.6455979625337989,0.4673131340489704,0.000600832575641197,0.12804556804260758
190804040102,112.66322311732908,20km,400.0,0.2816580577933227,16,0.987099495497588,0.9858460012549086,0.15152231852215436,0.05298768511450916,0.0012534942426793982,0.12714909236166635
190804041303,153.9725275445342,20km,400.0,0.38493131886133547,16,0.997365594834035,0.9961269993486295,0.13374778872628212,0.046295678574434895,0.0012385954854055026,0.12434112178622042
1908040318,245.01181793418428,20km,400.0,0.6125295448354607,16,0.9950896516534127,0.9938748777360424,0.12992778577302033,0.04507394750184326,0.0012147739173702377,0.12222604118310983
190804020506,147.30489527155422,20km,400.0,0.36826223817888554,16,0.9893117951033354,0.9881618017820888,0.11899820963543561,0.04151773625058379,0.0011499933212466562,0.11637702643157367
190804031701,70.63704930787807,20km,400.0,0.1765926232696952,16,0.9924446841943506,0.9913005216159425,0.11320659092496044,0.03937371458995147,0.0011441625784081033,0.11542035472179282
190804041506,159.42726150482463,20km,400.0,0.39856815376206156,16,0.9897520777046998,0.9886901127770278,0.09323317004788123,0.032511328613940675,0.0010619649276719656,0.10741130248477189
190804032206,92.16935011404414,20km,400.0,0.23042337528511034,16,0.9944759081640626,0.9934104589853934,0.0880126953125,0.030547038785524304,0.0010654491786692422,0.10725165706000565
1909010409,610.3584629911526,20km,400.0,1.5258961574778815,15,0.9931284512245118,0.9920696818389398,0.08787503529742935,0.030539921290877486,0.0010587693855719227,0.10672328818771536
19080404,10440.947004588248,20km,400.0,26.10236751147062,8,0.9937832761375522,0.992728699177418,0.08581369418061513,0.029803996739970928,0.0010545769601342236,0.10623012722489573
190901040707,167.52253363979872,20km,400.0,0.4188063340994968,16,0.9936233389398206,0.9925694066544637,0.08583975196779647,0.029817766612978323,0.0010539322853568844,0.1061822254737076
1909010404,949.9157823301671,20km,400.0,2.3747894558254177,15,0.9869758473330417,0.9859369863707339,0.09027693923877678,0.0315671688159979,0.0010388609623077638,0.10536788625121417
190804041706,126.84376598161444,20km,400.0,0.3171094149540361,16,0.9963591792143771,0.9953125065649924,0.08016189874388147,0.027769770575749614,0.001046672649384739,0.10516020269824598
190804040204,145.66010888434943,2km,4.0,36.41502722108736,7,0.09785752701705176,0.09775505034411426,0.9925977735035296,3.1146750943958814,0.00010247667293750151,0.10483005489411171
1908040405,981.7315684650991,20km,400.0,2.4543289211627477,15,0.9969960498498043,0.9959810818357935,0.07025274786502678,0.024320915722183277,0.0010149680140107975,0.10190635470103582
190804031305,877.416663515745,20km,400.0,2.1935416587893624,15,0.9976760673111187,0.9966614969047853,0.06924397375445324,0.023955542008556093,0.0010145704063333483,0.10179688986523314
190804040303,97.6004764660119,20km,400.0,0.24400119116502975,16,0.9959748012703826,0.9949862187932341,0.0640477889623412,0.022194681113140366,0.000988582477148503,0.09935639896073153
190804040607,126.74621153788917,20km,400.0,0.3168655288447229,16,0.9922452020189776,0.9912670288534933,0.06597838109854592,0.022948315191791694,0.0009781731654843195,0.09867907809015719
1909010407,931.610660249447,20km,400.0,2.3290266506236175,15,0.9916984436376219,0.9907281224835967,0.06445148897273612,0.022429266531891243,0.0009703211540252887,0.09794020498710071
1908040324,598.9017670118454,20km,400.0,1.4972544175296136,15,0.9966513134565813,0.9956846602216334,0.0568832733229101,0.019698298485718232,0.000966653234947934,0.09708427512911194
190901040401,141.835215549781,20km,400.0,0.3545880388744525,16,0.9832483633809794,0.9823254212631947,0.06201771327425831,0.021764392895543223,0.0009229421177847641,0.09395482370780263
190902010207,144.05665727732872,20km,400.0,0.3601416431933218,16,0.9906619675296477,0.9897366016062923,0.052953649450216744,0.018446202318304124,0.000925365923355459,0.0934961808882926
190804040402,147.24518491469073,771m,0.594441,247.70361552229863,3,0.5330387190068595,0.5325424970272303,0.5324805427769661,0.34075651914136906,0.0004962219796291745,0.09317978985699639
190804040204,145.66010888434943,20km,400.0,0.3641502722108736,16,0.9930077552439229,0.992087281538953,0.0484665052025548,0.016843661533838296,0.0009204737049699485,0.09278152457937819
190901040406,97.58071370580119,20km,400.0,0.24395178426450298,16,0.9898886156028008,0.9889910143148277,0.0460278474831739,0.016045548754611214,0.0008976012879731154,0.09075929659431466
1908040417,924.9804447426393,20km,400.0,2.312451111856598,15,0.9954701349173167,0.994596998760823,0.03168199327257071,0.010983098777277586,0.000873136156493759,0.08778793396537561
190804040201,139.49245648147127,20km,400.0,0.34873114120367815,16,0.9919473651615553,0.9910909251885136,0.03154164440229579,0.010972601251332786,0.0008564399730417449,0.08641386489124023
190804031304,113.06730166843636,20km,400.0,0.28266825417109087,16,0.9972385294728361,0.9963840616336694,0.02401335343068922,0.008309905953834087,0.0008544678391666505,0.08575687549293659
190804040301,77.30864421083555,20km,400.0,0.19327161052708888,16,0.9921219048672976,0.9912722554310729,0.02936909993491099,0.010214980204257465,0.0008496494362246754,0.08571302501099355
1909010402,565.8951234961268,20km,400.0,1.4147378087403168,15,0.9896502113475569,0.9888048841540831,0.031385633680542924,0.010943227855674708,0.0008453271934738549,0.08548978742120873
190803111807,188.09857861377546,20km,400.0,0.47024644653443864,16,0.9997099267269287,0.9988774591337091,0.014466156830678756,0.004993736873385559,0.0008324675932196435,0.08334031222825
190804032402,120.37586761790271,20km,400.0,0.3009396690447568,16,0.996505650915843,0.9956846602216334,0.015399891843060232,0.005332879921490051,0.0008209906942096001,0.08245489028894475
1908040322,994.4162653459758,20km,400.0,2.4860406633649395,15,0.994156531400544,0.9933438645649395,0.01611020688659437,0.005591825795579387,0.0008126668356045474,0.08181123018869964
190804041402,119.74674920442347,20km,400.0,0.2993668730110587,16,0.9942561950687614,0.9934522716060306,0.013477491295873278,0.004677511066043955,0.0008039234627308378,0.08092220287857438
190803091006,122.17450387206121,20km,400.0,0.30543625968015303,16,0.9969154393826116,0.9961216661062013,0.007073443868875984,0.0024484263739531294,0.0007937732764102812,0.07968637802178405
190901040301,49.73443286714597,771m,0.594441,83.66588587790204,5,0.5397679554045618,0.5393409099186866,0.5038318612369892,0.3184590626663315,0.0004270454858752437,0.07917913846728723
1908040403,549.6420214609652,20km,400.0,1.374105053652413,15,0.995766841956115,0.9949862187932341,0.004822846692832172,0.0016712761851609263,0.0007806231628808558,0.07845567588138377
190803090308,111.45513754242657,20km,400.0,0.27863784385606644,16,1.0,0.9992167600169923,0.0,0.0,0.0007832399830076664,0.07838539287454975
190804032305,41.95040640342941,20km,400.0,0.10487601600857353,16,0.9982208590182136,0.9974458035362788,0.0,0.0,0.0007750554819347943,0.07770401952536805
190804041803,39.89031930935242,20km,400.0,0.09972579827338106,16,0.9971351361712908,0.996365075290625,0.0,0.0,0.0007700608806657794,0.07728702056735218
190803090208,85.21631971658624,20km,400.0,0.2130407992914656,16,0.9956311764242949,0.9948680341410248,0.0,0.0,0.000763142283270124,0.07670789060269946
190803110606,70.23530866456733,20km,400.0,0.17558827166141833,16,0.994166007801518,0.9934096056666049,0.0,0.0,0.0007564021349131256,0.07614201942466212
1909010405,990.1794706754611,20km,400.0,2.4754486766886528,15,0.9912299364193922,0.9904758956716917,0.0031887468221611925,0.001109969983726614,0.0007540407477004685,0.07612913660954014
190804040803,106.03476217913072,20km,400.0,0.2650869054478268,16,0.99375998689084,0.9930054525553946,0.0,0.0,0.0007545343354453671,0.07598491362798186
190804041707,94.79446050413878,20km,400.0,0.23698615126034694,16,0.9936983711548568,0.99294412026747,0.0,0.0,0.000754250887386787,0.07596106084838027
190902010302,79.83458468502549,20km,400.0,0.19958646171256372,16,0.9933498939836969,0.9925972461799388,0.0,0.0,0.0007526478037580553,0.07582610234459734
1908040409,696.3525867827732,20km,400.0,1.740881466956933,15,0.9939291895147622,0.9931770051868356,-0.0008950527053457336,-0.00031072278101239656,0.0007521843279265639,0.07573517348854282
190804040906,143.63201046601918,20km,400.0,0.35908002616504797,16,0.9957766507942445,0.995023978149626,-0.0031869070870698124,-0.0011043275621120431,0.000752672644618535,0.07564366901169818
190804040601,99.38828499342418,20km,400.0,0.24847071248356045,16,0.9920471765883119,0.9913005216159425,0.0,0.0,0.000746654972369365,0.0753207484600356
190804020407,65.4264337664539,20km,400.0,0.16356608441613474,16,0.9917366332789572,0.9909914068848031,0.0,0.0,0.000745226394154086,0.07520008639597761
190804041502,72.19312876733613,20km,400.0,0.18048282191834034,16,0.9914062657762861,0.9906625591566793,0.0,0.0,0.0007437066196067654,0.07507163894836806
190901040702,59.03629784625412,20km,400.0,0.14759074461563532,16,0.9908945872731223,0.9901532345047845,0.0,0.0,0.0007413527683377552,0.07487252906955716
190901040703,124.31373659540185,20km,400.0,0.31078434148850465,16,0.9901998832446381,0.9894617262915422,0.0,0.0,0.0007381569530959808,0.07460187023732184
190901040202,84.9168267929783,20km,400.0,0.21229206698244574,16,0.9895400055017098,0.9888048841540831,0.0,0.0,0.000735121347626766,0.07434442926074926
190804040901,59.565786494839585,20km,400.0,0.14891446623709897,16,0.9893355484160475,0.9886013676230223,0.0,0.0,0.0007341807930252298,0.0742645941094015
190804032307,75.56996223783975,20km,400.0,0.18892490559459937,16,0.9977099139917269,0.9969721049438047,-0.009983983533118135,-0.0034529824727968076,0.0007378090479221999,0.07400498411776398
190902010101,134.41527119422858,20km,400.0,0.33603817798557145,16,0.9886417016499773,0.9879107127285682,0.0,0.0,0.0007309889214091037,0.07399341984966867
190901040408,62.43433777731426,20km,400.0,0.15608584444328566,16,0.9872189675166774,0.9864945235341798,0.0,0.0,0.0007244439824976023,0.07343618897165646
1908040204,962.5983148866057,20km,400.0,2.4064957872165142,15,0.9888160702383506,0.9880918829738548,-0.002175500787814144,-0.0007590716913494259,0.0007241872644958569,0.07329149009060518
190902010401,85.66191688301038,20km,400.0,0.21415479220752595,16,0.9856031350246965,0.9848861242826783,0.0,0.0,0.0007170107420182426,0.07280138529116376
1908040317,314.6025022778182,20km,400.0,0.7865062556945455,16,0.994213731356151,0.9935163238475935,-0.016941597791230834,-0.00587939325197511,0.0006974075085575127,0.07019587819721579
190803090107,86.09251675014279,20km,400.0,0.21523129187535697,16,0.996221083274407,0.9955294628669722,-0.02123933679916945,-0.007356171917146816,0.0006916204074347565,0.06947262067392719
190804040405,154.36209493613,20km,400.0,0.385905237340325,16,0.9974595975964444,0.9967736016606263,-0.02447862861572503,-0.008467650297640133,0.0006859959358180845,0.06882163960554476
190804041710,119.78574066650103,20km,400.0,0.29946435166625257,16,0.9962117216746909,0.9955343694500061,-0.025309244791685614,-0.008765728060839023,0.0006773522246847907,0.06803905977239152
190803110604,107.74129884614561,20km,400.0,0.269353247115364,16,0.9949936467560831,0.9943190301654643,-0.024488740808806142,-0.008491777341204765,0.0006746165906188484,0.06784709636972207
1908040313,1341.0642304274686,20km,400.0,3.3526605760686716,14,0.997349533182452,0.9966808885742544,-0.029298104869894814,-0.010135734169526353,0.0006686446081975994,0.0670871304810601
190901040109,147.2703732137082,20km,400.0,0.36817593303427054,16,0.9883249143021073,0.9876699701653586,-0.02134001358695059,-0.007449055322345687,0.0006549441367487141,0.06631204314524834
1908040321,517.9620183927285,20km,400.0,1.2949050459818212,15,0.9931651014171197,0.9925220474617011,-0.0311123683162009,-0.010807871440155412,0.0006430539554185266,0.06478989127375938
190804040504,95.82421958679971,20km,400.0,0.2395605489669993,16,0.997510081319473,0.9968819731467677,-0.041107177734375,-0.01421827511739577,0.0006281081727053106,0.06300727564795038
1909020105,1008.630021912423,20km,400.0,2.5215750547810574,15,0.9913930883259756,0.990776619434744,-0.036386282869102615,-0.012661898802657393,0.0006164688912315697,0.06222077501014066
1908040404,687.1282179534865,20km,400.0,1.717820544883716,15,0.9905337739313227,0.9899186073928927,-0.03562789515734721,-0.012408590873237047,0.0006151665384299676,0.06214314326812242
1908040206,598.6205826946389,20km,400.0,1.4965514567365972,15,0.989744232885007,0.989150798257977,-0.04080638396436598,-0.014223052547145839,0.0005934346270299873,0.05999435354802348
190901040305,123.95715527106806,20km,400.0,0.30989288817767013,16,0.9863497692866072,0.9857653626293941,-0.03892167409259173,-0.013612092516177707,0.0005844066572131545,0.059284559933646876
190803111602,156.0621102843158,20km,400.0,0.3901552757107895,16,0.99716516714522,0.9966014445950435,-0.05907440185546875,-0.02043850693895625,0.0005637225501764487,0.05656449257962999
190804040608,123.36912467490731,20km,400.0,0.30842281168726826,16,0.9935639559074225,0.9930054525553946,-0.05582786092952574,-0.019384271343727808,0.0005585033520278948,0.05624373467342454
190804020601,152.7090719299978,20km,400.0,0.3817726798249945,16,0.9896854368009691,0.989150798257977,-0.05755097987287172,-0.020059376287455005,0.0005346385429920719,0.054050256435483834
190901041201,160.24840811909334,20km,400.0,0.40062102029773333,16,0.9942718538131385,0.993743039983217,-0.06525395711264537,-0.022640564135990703,0.0005288138299215372,0.0532143430086784
1908031115,403.00361169571363,20km,400.0,1.007509029239284,15,0.9987116015658686,0.9981909641683491,-0.07343673706054688,-0.02536766042992854,0.0005206373975195078,0.052158095615830485
190803090102,66.01215693917095,20km,400.0,0.16503039234792738,16,0.9953793513039653,0.9948680341410248,-0.07171752929684772,-0.02485541270810349,0.0005113171629405056,0.05139547612281863
190804040501,91.05031962429894,20km,400.0,0.22762579906074734,16,0.9955884929061238,0.9950801905248192,-0.07285534496037371,-0.025244439111384416,0.000508302381304615,0.05108154962230021
1908040406,837.78918502289,20km,400.0,2.094472962557225,15,0.9923413574080464,0.9918576676749435,-0.07562343154256723,-0.02628756415382471,0.00048368973310286556,0.04876604263560351
190803091008,123.80703376688123,20km,400.0,0.30951758441720306,16,0.9996690263860131,0.9992220932594205,-0.09578418731689453,-0.033053580150599296,0.000446933126592608,0.04472810695515457
1908040323,754.0841107700855,20km,400.0,1.885210276925214,15,0.9955229732061408,0.9951046434413526,-0.09851092100143433,-0.03413329062141695,0.0004183297647881723,0.042038771253389985
190803090402,147.7576218204491,20km,400.0,0.36939405455112273,16,0.9960409535986294,0.9956510607943354,-0.10732868739535206,-0.03716844652624977,0.00038989280429402307,0.0391595830755169
1909010403,399.7276070048247,20km,400.0,0.9993190175120616,16,0.9861433317676278,0.9857653626293941,-0.09771322275139482,-0.03417328414450271,0.0003779691382337358,0.03834270837286825
190804040907,124.08197233862138,20km,400.0,0.3102049308465535,16,0.9962745259594783,0.9959056697878585,-0.11365483881354521,-0.039349296991223574,0.00036885617161974693,0.03703725993429863
1908030901,759.6187753153374,20km,400.0,1.8990469382883435,15,0.9955406368209332,0.9951987485039986,-0.12040461568000183,-0.041715398952809235,0.0003418883169346021,0.03435377279649266
190803090204,139.24253554964037,20km,400.0,0.3481063388741009,16,0.9938358955292474,0.9935142438830464,-0.12395075017758472,-0.043015819297713934,0.0003216516462010155,0.03237514189468222
1908031118,720.1656135483339,20km,400.0,1.8004140338708348,15,0.9992279676560425,0.9989377247731479,-0.14003388334754163,-0.04833700856433779,0.0002902428828945869,0.02905515285855273
190804031503,136.40485157918857,20km,400.0,0.34101212894797145,16,0.994742367158163,0.9944602544249634,-0.13645618366746248,-0.04731126057851974,0.00028211273319955765,0.02836842718894648
190803090205,149.14033761335259,20km,400.0,0.3728508440333815,16,0.9958027323376044,0.9955294628669722,-0.14038192085598666,-0.04862079986962294,0.0002732694706322203,0.027449661795568174
1908040320,902.4394048195522,20km,400.0,2.256098512048881,15,0.9900994376693595,0.9898278533842391,-0.13335758332283376,-0.046450382325064425,0.00027158428512041866,0.027437527060070813
190804032304,141.0201377797154,20km,400.0,0.3525503444492885,16,0.9970514623397106,0.9967881080800312,-0.14486226949605907,-0.05011005510010948,0.00026335425967949355,0.0264202850680828
1909020103,284.73346719365367,20km,400.0,0.7118336679841342,16,0.9928548728916908,0.9925972461799388,-0.1409775546696892,-0.04896938101070059,0.00025762671175200147,0.025954808230980998
190902010106,86.12927309085659,771m,0.594441,144.89120550375324,4,0.5023462534718143,0.5022210391629354,0.4667289598796458,0.3162355120773542,0.00012521430887890705,0.024932111384183536
1909010401,981.867334297001,20km,400.0,2.4546683357425025,15,0.9862881777445103,0.9860585131881983,-0.14033486852684973,-0.04906497711529373,0.00022966455631201477,0.02329116915886118
1908030902,960.2419799130994,20km,400.0,2.4006049497827484,15,0.994830454438038,0.9946372469636813,-0.16200855327178942,-0.05616076297539652,0.0001932074743566936,0.01942491847620789
190902010401,85.66191688301038,771m,0.594441,144.10499424334859,4,0.4996005729011805,0.4995177225880308,0.458222087656992,0.3121072139492579,8.285031314969604e-05,0.016586060794889054
190804032600,990.4300897984875,20km,400.0,2.4760752244962188,15,0.9979075736456451,0.9977508650031728,-0.17650112978429888,-0.060996297468061476,0.00015670864247230298,0.015706189587899246
1908040326,981.608921661607,20km,400.0,2.4540223041540177,15,0.9978988696975555,0.9977508650031728,-0.17897993591492423,-0.061852937854976024,0.00014800469438269737,0.014833832730601213
190804040402,147.24518491469073,2km,4.0,36.81129622867268,7,0.1679472980603204,0.16792464198373663,0.877510771284669,1.6893255489972239,2.2656076583776885e-05,0.01349181175325722
190804032503,97.28786178419138,20km,400.0,0.24321965446047844,16,0.997118090143204,0.996995784540186,-0.18530499493635944,-0.06408663489190396,0.00012230560301795812,0.012267414257359716
190804041003,164.42342072934937,20km,400.0,0.4110585518233734,16,0.9988547204954685,0.9988456730088369,-0.21999464768629196,-0.0759448336362798,9.04748663166366e-06,0.0009057942459128633
190803091003,127.27547151359298,20km,400.0,0.31818867878398244,16,0.9983595178296956,0.9983961873369869,-0.23242283871297786,-0.08027083261299826,-3.6669507291309245e-05,-0.0036728412784825925
1908030910,1081.1615233707378,20km,400.0,2.7029038084268446,15,0.9978391477866604,0.9979133155675362,-0.24246647046959424,-0.08377953061887207,-7.416778087576681e-05,-0.0074322869250006834
1908040205,909.6498732100683,20km,400.0,2.2741246830251707,15,0.9886637183231781,0.9887856844813414,-0.24406554285479842,-0.08509995466252367,-0.00012196615816328915,-0.012334943767644189
1908040413,811.542172201825,20km,400.0,2.0288554305045623,15,0.9946017944464314,0.9947310764754682,-0.25397415848465243,-0.08803273037754769,-0.00012928202903683683,-0.012996681424180392
1908040418,321.26147808008744,20km,400.0,0.8031536952002186,16,0.9961936503497419,0.996365075290625,-0.26812669403699374,-0.09278793578377047,-0.00017142494088306925,-0.017205033088204855
1909010412,873.3511642610327,20km,400.0,2.183377910652582,15,0.993453680629732,0.9936307930075776,-0.26614765619535774,-0.09235308999305765,-0.00017711237784556744,-0.017824767417832708
1908040414,287.19498662957733,20km,400.0,0.7179874665739433,16,0.9932469363851077,0.9934522716060306,-0.2739503043038667,-0.0950774555736351,-0.00020533522092280876,-0.020668856148555643
190803090306,124.0721406129199,20km,400.0,0.3101803515322997,16,0.9989859668271406,0.9992167600169923,-0.2887875271826488,-0.09965644858615785,-0.00023079318985175235,-0.023097409800034534
1909020106,460.78165407355374,20km,400.0,1.1519541351838845,15,0.9954392974593769,0.995802738208994,-0.32207094051449303,-0.11151797416289995,-0.0003634407496171388,-0.03649726353141054
190804041202,116.8567368401029,20km,400.0,0.29214184210025723,16,0.9917188427025889,0.9920984813480522,-0.3218085394965442,-0.11183752022879034,-0.0003796386454633094,-0.03826622584357358
190804032009,145.5632186633326,20km,400.0,0.36390804665833154,16,0.9938344210168331,0.9942334849569157,-0.33015070734796836,-0.11449360658839325,-0.00039906394008260015,-0.040137849521321774
1908030903,895.9671847870807,20km,400.0,2.2399179619677017,15,0.9987477861993277,0.9992167600169923,-0.3566192277324376,-0.12306419906727988,-0.00046897381766464186,-0.046934142463409705
1908040325,272.66202017466657,20km,400.0,0.6816550504366664,16,0.9964223816132933,0.996995784540186,-0.38343652689229657,-0.13260925163731094,-0.0005734029268926744,-0.05751307435639034
1908031105,733.1559730102341,20km,400.0,1.8328899325255852,15,0.9951540792439519,0.9958086047756649,-0.4049769897461033,-0.14022361327436014,-0.0006545255317129683,-0.0657280453868361
190804031303,135.29439014692292,20km,400.0,0.3382359753673073,16,0.9974926125370673,0.9983144820629866,-0.45593320406402427,-0.1574763180352414,-0.0008218695259192277,-0.08232571405964775
1909020101,972.5603686083822,20km,400.0,2.4314009215209555,15,0.9870365750491723,0.9878976462846192,-0.4533872157109613,-0.15822570497989885,-0.0008610712354468752,-0.08716198876323626
1909020102,589.754932354271,20km,400.0,1.4743873308856774,15,0.9888587248631513,0.9897366016062923,-0.4605936431884743,-0.1604460432281802,-0.0008778767431409928,-0.08869801740344284
190804031702,239.55297795105216,20km,400.0,0.5988824448776304,16,0.9946801301939017,0.9957321260792444,-0.5180723128780187,-0.1793965529369343,-0.0010519958853427713,-0.10565049151171498
190901040503,57.38005179178396,771m,0.594441,96.52774924977241,4,0.3165962654870523,0.31700686691004976,0.5579060115142482,0.5897655091203365,-0.0004106014229974808,-0.12952445699354154
1908040412,240.90716167462978,20km,400.0,0.6022679041865744,16,0.9907949282006068,0.9920984813480522,-0.584931079761418,-0.20328000483644174,-0.0013035531474454576,-0.1313935231182094
1909010401,981.867334297001,771m,0.594441,1651.7490117555838,2,0.47724995405686693,0.4779154765258688,0.27352438706429894,0.19449233755877085,-0.0006655224690018668,-0.13925526619053594
190901040705,108.54770706935948,771m,0.594441,182.6046774521937,3,0.33500775876662814,0.33549976492502537,0.5103829557713055,0.5109506787476918,-0.000492006158397229,-0.14664873416742286
1909020401,548.0946553539294,20km,400.0,1.3702366383848235,15,0.998462599303509,1.0,-0.6619284667968941,-0.22824555098914628,-0.001537400696490998,-0.1537400696490998
1908040410,374.37673924868113,20km,400.0,0.9359418481217028,16,0.9972823049346609,0.9988456730088369,-0.667804456736917,-0.23053423754550526,-0.001563368074176008,-0.1565174797690871
1908040315,466.1206107369709,20km,400.0,1.1653015268424272,15,0.9946493550104707,0.996387368243975,-0.7143062907419448,-0.24718741106620057,-0.0017380132335043097,-0.17443148005452638
1908040320,902.4394048195522,771m,0.594441,1518.1311598956872,2,0.3533044210957679,0.3539224923122231,0.4502333979985451,0.42814227021018525,-0.0006180712164552404,-0.17463462477823838
190804031504,142.36211430128395,20km,400.0,0.3559052857532099,16,0.9965358743525625,0.9983144820629866,-0.7284036338876376,-0.2515858053014441,-0.0017786077104240405,-0.17816106471265464
190901040409,142.9193890805442,771m,0.594441,240.42653363503558,3,0.39024687591798785,0.39101685769341815,0.3581483033096049,0.30935463968634896,-0.0007699817754303062,-0.1969177953023244
190902010404,90.65031234882741,2km,4.0,22.662578087206853,9,0.12409919063916004,0.12434567854378223,0.8582181259600645,2.1740145530954593,-0.0002464879046221863,-0.19822796216870348
190901040302,69.9218009669923,771m,0.594441,117.62614114267403,4,0.5039293097980958,0.5049339257055843,0.1413928678178138,0.09530054975412369,-0.0010046159074884597,-0.19895987501426649
190804040103,107.40442369568778,771m,0.594441,180.68138586619662,3,0.3929453843380591,0.3937382997126634,0.3480351517161324,0.29861099650999207,-0.0007929153746042972,-0.20138131728179337
190902010402,94.90052779339773,771m,0.594441,159.6466727453149,3,0.4268063279665759,0.42771246937346985,0.2710737570788382,0.21467514981800834,-0.0009061414068939344,-0.21185760803777506
190804041101,66.53851826813836,771m,0.594441,111.93460455812833,4,0.346285640446101,0.3470290498898446,0.42361111111111427,0.41052560737600413,-0.0007434094437436256,-0.21422109877533355
1909010403,399.7276070048247,771m,0.594441,672.4428614527341,2,0.4834592360801559,0.48452775521943714,0.15005170516442945,0.10527959375050289,-0.0010685191392812432,-0.2205279527892727
1908040401,599.2414402327132,771m,0.594441,1008.0755537264644,2,0.3720506345320977,0.3729011478361757,0.359056925403479,0.32467485569934157,-0.0008505133040779822,-0.22808009817433783
190804032002,157.679440171849,771m,0.594441,265.25667000063754,3,0.4601446387200979,0.46121765175985735,0.17945184289348504,0.13208811284269864,-0.0010730130397594295,-0.23264786932268502
190902010504,133.5103214028243,771m,0.594441,224.5981037694646,3,0.45933727286299064,0.4604217194025417,0.17724326390882084,0.13068150223237085,-0.0010844465395510317,-0.23553331518726897
190804041701,102.89993881954376,771m,0.594441,173.10370384873144,3,0.43722409949401436,0.43832574614075775,0.20142679164689525,0.15577270879576452,-0.0011016466467433927,-0.25133058152363824
190902010108,94.01494327708583,20km,400.0,0.2350373581927146,16,0.9852024839105264,0.9878845798406701,-0.9719814724392108,-0.33921216755507966,-0.0026820959301436798,-0.27149891646008467
190901040303,81.45888256410515,771m,0.594441,137.0344282512565,4,0.4966362279928073,0.4980853721396628,0.023809055182681504,0.016262371882845218,-0.0014491441468554855,-0.2909429242280872
190804041702,121.83243161669346,771m,0.594441,204.95294169933342,3,0.3559686079087596,0.35701272986436094,0.32483071461442137,0.30631720178461,-0.0010441219556013293,-0.292460707492985
190901040401,141.835215549781,771m,0.594441,238.60267974413102,3,0.5387871031835904,0.5403717647587498,-0.0704409918392912,-0.044441078071143704,-0.0015846615751594628,-0.2932539556109003
190902010302,79.83458468502549,771m,0.594441,134.30194869638112,4,0.411661210278233,0.41291183407828197,0.1924483593468267,0.1576966829245621,-0.0012506238000489778,-0.30287913710215386
190902010602,104.74890179004704,771m,0.594441,176.21412686885165,3,0.34814425637761487,0.3492261005637213,0.32433625756391393,0.3124142427818923,-0.0010818441861064065,-0.309783313549615
190804041803,39.89031930935242,771m,0.594441,67.1055988892967,5,0.30262576066223684,0.303582543197456,0.42002717852896865,0.4628034392732222,-0.0009567825352191361,-0.315163884307019
190804040105,108.27626414662174,2km,4.0,27.069066036655435,8,0.10112585371532219,0.10146048132038162,0.8632374451487053,2.621545386568736,-0.00033462760505942324,-0.3298107802216807
190804041104,109.85800143508165,771m,0.594441,184.80892373689173,3,0.273566986576355,0.27449428160728884,0.4667099286177745,0.5661565589772581,-0.0009272950309338612,-0.3378194348910029
190804032006,146.96928551744247,771m,0.594441,247.23948300578607,3,0.3257127358312316,0.32683755708906975,0.34156380854334145,0.3506434791205692,-0.0011248212578381378,-0.34415299999675425
190902010110,41.89686343388905,771m,0.594441,70.48111323729194,5,0.3966081275226687,0.3980248977026557,0.1647250407115166,0.13986088362298582,-0.0014167701799869814,-0.35595013984411067
190804041201,120.9947697620597,771m,0.594441,203.5437827506173,3,0.38706541134723366,0.38847252736636806,0.180046961707518,0.15650164030103406,-0.0014071160191344023,-0.36221763960347
190901040202,84.9168267929783,771m,0.594441,142.85156439912168,4,0.46160116603404105,0.46329278669296936,0.0005467352955292881,0.00040068137083931743,-0.0016916206589283056,-0.3651299367303481
1909020105,1008.630021912423,771m,0.594441,1696.7706162805443,2,0.39920716970245457,0.4006790375641695,0.14554042849378845,0.12278043898221998,-0.0014718678617149372,-0.367343365568311
190804041708,79.66934672793506,2km,4.0,19.917336681983766,9,0.10759136675235768,0.10800148678132447,0.8331288343558327,2.394048374585726,-0.00041012002896678723,-0.3797355399349047
190804040505,99.6574164930065,771m,0.594441,167.6489617859577,3,0.3165087518271837,0.3177383787075679,0.32369213696892984,0.3414213669897214,-0.0012296268803841937,-0.3869935024487196
190901040504,46.374643073924695,771m,0.594441,78.0138702981872,5,0.5349403670727484,0.5370206333014871,-0.20717409509629192,-0.13150115672586332,-0.002080266228738692,-0.38737175068109836
190902010103,104.93565062982054,771m,0.594441,176.52828561593253,3,0.411436231745726,0.4130668749727905,0.08401818499737601,0.06882144880249869,-0.0016306432270644655,-0.39476494627459036
190804040403,136.5481289719034,771m,0.594441,229.70846387093655,3,0.3977647414210544,0.3993463129472906,0.11605189805382565,0.09821934656127254,-0.001581571526236225,-0.39604009726890244
1908040404,687.1282179534865,771m,0.594441,1155.9233262064467,2,0.39554466303268665,0.39712776786647036,0.11853519894003739,0.10086290582766555,-0.0015831048337837106,-0.39863866540705134
190902010304,105.50719612562482,771m,0.594441,177.4897695913048,3,0.31635931718322213,0.31763544127427384,0.3105856323031304,0.32769879141010244,-0.0012761240910517113,-0.4017574631886861
190804041506,159.42726150482463,771m,0.594441,268.19694722407206,3,0.3545563779065438,0.3560111838481948,0.2091898097528997,0.1978016695153609,-0.0014548059416509829,-0.4086405168303141
1908040405,981.7315684650991,12km,144.0,6.817580336563188,13,0.041770606297817245,0.04194232542639644,0.9879680732331924,6.213635606173729,-0.00017171912857919663,-0.4094172815490221
190804040102,112.66322311732908,771m,0.594441,189.52801559335424,3,0.37722917025645836,0.3787888044588065,0.1493565394863623,0.13302837879836893,-0.0015596342023481702,-0.411742423215621
190902010101,134.41527119422858,771m,0.594441,226.1204580340666,3,0.47279266987009544,0.47479536166182323,-0.10318282087067132,-0.0738378987512382,-0.0020026917917277953,-0.4218010438682905
190804040401,117.59745550140708,771m,0.594441,197.82864153281332,3,0.5039768763136085,0.5061640742683708,-0.1970149422556915,-0.13247625676365862,-0.002187197954762299,-0.43211244455145487
190804041801,75.93919525777031,771m,0.594441,127.74891916568727,4,0.35113333565245414,0.3526705977508254,0.19010380300701968,0.18139401119942808,-0.0015372620983712393,-0.4358917664742131
1909020103,284.73346719365367,771m,0.594441,478.9936548684456,2,0.37911283196366824,0.3809079739749463,0.07949685534590856,0.07042567416982094,-0.0017951420112780614,-0.4712797142430351
1909010404,949.9157823301671,771m,0.594441,1597.9984259668615,2,0.4513460711370967,0.453534900806173,-0.12821092343355645,-0.09592347663530548,-0.0021888296690762976,-0.4826154867432654
1909010402,565.8951234961268,771m,0.594441,951.9786210845597,2,0.45103908418682226,0.4532293788405236,-0.12822602032653663,-0.09599755310088023,-0.0021902946537013523,-0.483264050380998
1909020101,972.5603686083822,771m,0.594441,1636.0923432407626,2,0.43680383785449606,0.4389579737580853,-0.09914479871824255,-0.07656617940023064,-0.0021541359035892604,-0.4907385290548177
190804040404,120.67658652772364,771m,0.594441,203.0085181333785,3,0.3191894589932782,0.320805411748604,0.2096332785988011,0.21908749771188543,-0.001615952755325778,-0.5037174237547163
190902010303,48.2825040523327,771m,0.594441,81.22337465338477,5,0.4278226204107472,0.42999944800508777,-0.09381628324359781,-0.07391420039618153,-0.002176827594340569,-0.5062396252924521
1909020104,310.8328685976861,771m,0.594441,522.899444348028,2,0.41492302380693014,0.4170646618325846,-0.06677028783929018,-0.05418558282141559,-0.00214163802565448,-0.5135026343982513
1908040402,601.8851576204796,771m,0.594441,1012.5229545412911,2,0.2913242101242539,0.29287781882350405,0.2641456467559493,0.30121138052626467,-0.0015536086992501419,-0.5304630803012049
190901040305,123.95715527106806,771m,0.594441,208.52726388500804,3,0.453933139037064,0.456356897088513,-0.19883062863084433,-0.1478657637413232,-0.00242375805144901,-0.5311102049541081
1909020106,460.78165407355374,771m,0.594441,775.1511993176005,2,0.3248500052575073,0.32659018187069455,0.1666417247812717,0.17119588933078178,-0.001740176613187261,-0.5328318822138509
190902010108,94.01494327708583,771m,0.594441,158.15689576776472,3,0.47654113323886177,0.4791251168029501,-0.27442816485717003,-0.19465595205339953,-0.0025839835640883435,-0.5393129004236819
190804032005,63.36764238749104,771m,0.594441,106.6003899251415,4,0.3519159662495067,0.3538257179400088,0.0825017877771046,0.07847442125245052,-0.0019097516905020595,-0.5397436064344702
190804032405,56.60601624629852,771m,0.594441,95.22562583384814,4,0.22658523546654263,0.22782837944305015,0.4381790525858378,0.634276071294337,-0.0012431439765075158,-0.545649308284819
190901040403,57.441337619388094,771m,0.594441,96.63084750107764,4,0.4362810789968941,0.4386753484589576,-0.1671606946120221,-0.12917322245685356,-0.002394269462063503,-0.5457953063636788
190902010110,41.89686343388905,2km,4.0,10.474215858472263,12,0.13936560180629828,0.14015726935267722,0.6821451929365594,1.550329983946726,-0.000791667546378938,-0.5648423018194425
1908040414,287.19498662957733,771m,0.594441,483.1345526798746,2,0.2875796467086504,0.2892373931855478,0.23927954791803074,0.2761356728477036,-0.001657746476897426,-0.5731439004617117
190804040204,145.66010888434943,771m,0.594441,245.03711702986408,3,0.3107518615772495,0.31256275648627296,0.1649642072542008,0.17676040803859464,-0.001810894909023475,-0.5793700213617757
1909010412,873.3511642610327,771m,0.594441,1469.19738756417,2,0.33869431454622473,0.34070504551867664,0.07101277637127623,0.07004741304743478,-0.002010730972451913,-0.5901676534877407
190804041704,66.77752816100501,771m,0.594441,112.3366796048809,4,0.2829012284354054,0.2846040950141096,0.2325279371790998,0.2725130310004366,-0.0017028665787042208,-0.5983282069851451
190901040204,121.54557965291484,771m,0.594441,204.47038419778386,3,0.41990738601397837,0.4224705166114036,-0.19392258227209425,-0.15542174823192395,-0.002563130597425245,-0.6067004670488902
190901040407,143.33473711632666,771m,0.594441,241.12525400557274,3,0.4143812639994765,0.4169392178320746,-0.1851681801176852,-0.15031190168230335,-0.0025579538325981033,-0.6135076105093905
190804040904,60.20034351452202,771m,0.594441,101.27219272311638,4,0.25810319224807216,0.2597064694359146,0.29365950239736094,0.3755050123765137,-0.0016032771878424223,-0.6173420289932549
190804041504,110.9021628413883,771m,0.594441,186.56546712186457,3,0.23855128236375014,0.24003337054876173,0.3540660996603009,0.48786054179432525,-0.001482088185011582,-0.6174508909420585
190901040701,151.62620329633435,771m,0.594441,255.07359569130386,3,0.3238970398466779,0.3259295915406942,0.08424537782734376,0.08671609840899693,-0.0020325516940162824,-0.6236168015331945
190804041706,126.84376598161444,771m,0.594441,213.38327265719295,3,0.2801461591924324,0.2819104576978838,0.2185779501949412,0.2584989704414121,-0.0017642985054514004,-0.6258364871806756
190804040203,87.63648154896505,771m,0.594441,147.42671105957538,4,0.257723972724534,0.25935050954063293,0.28750387170045144,0.36811313596347317,-0.0016265368160989224,-0.6271577483999853
190804040903,110.04861915452322,771m,0.594441,185.1295909173883,3,0.28831948293671533,0.29014667104419495,0.1898273351362576,0.2184106407270598,-0.001827188107479616,-0.6297463627288351
190804041705,43.41083187495106,771m,0.594441,73.02799079294843,5,0.2782670273270883,0.28005822482978004,0.21335520320758405,0.25391368201473824,-0.0017911975026917437,-0.6395803957482188
1908040417,924.9804447426393,771m,0.594441,1556.0508860301347,2,0.3366469192973519,0.33881986227102456,0.027297471048115085,0.027070406495239153,-0.0021729429736726535,-0.6413269160514858
1909010405,990.1794706754611,771m,0.594441,1665.7321259392625,2,0.35790673493575814,0.36022634699319755,-0.04264704718630696,-0.03987071332064409,-0.002319612057439413,-0.6439318158710963
190901040106,47.12178679442782,771m,0.594441,79.27075486789744,5,0.4171206130180118,0.4198580186013738,-0.24011605035406092,-0.19360389507407075,-0.002737405583361996,-0.6519836378213782
190902010201,146.87597506048013,771m,0.594441,247.08251123405037,3,0.48694139406360654,0.49013801070427426,-0.4633953488372242,-0.3215076102719897,-0.0031966166406677265,-0.6521870515764613
190804041402,119.74674920442347,771m,0.594441,201.44429675009542,3,0.2753460044052303,0.2771585340347578,0.21109647910603258,0.2537307434337415,-0.0018125296295274929,-0.653968543974254
190803110603,79.0013182120224,771m,0.594441,132.900183890449,4,0.2907843938637604,0.292726541057503,0.1536924847458465,0.1753456313099337,-0.0019421471937425827,-0.6634680909788322
190804041102,115.86246707083868,771m,0.594441,194.90995249459354,3,0.3076753697012032,0.3097737705710202,0.08675586329736973,0.09376123651244461,-0.0020984008698169965,-0.6773978526164168
1908040415,576.8319332081089,771m,0.594441,970.3770991706645,2,0.2986924930127923,0.3007488109976849,0.11061903324703337,0.12298329159364384,-0.002056317984892586,-0.6837327063974378
190804040303,97.6004764660119,771m,0.594441,164.18866879305415,3,0.28342297613238304,0.285376253372203,0.16019694474788082,0.1872592974308022,-0.0019532772398199727,-0.6844568238382482
190902010202,48.17611948404806,771m,0.594441,81.04440892207647,5,0.3824655371623187,0.385130533108291,-0.1737873093630924,-0.1523266108918706,-0.002664995945972304,-0.691972128115576
190804040104,55.91176703752585,771m,0.594441,94.0577232013368,4,0.3657291321785354,0.3683014429510277,-0.1252415332565988,-0.11461271225678535,-0.002572310772492259,-0.6984253854346952
190804041707,94.79446050413878,771m,0.594441,159.46824075751636,3,0.4173071107645443,0.42025037408910243,-0.2992588883757179,-0.24107215565140888,-0.002943263324558132,-0.7003594775942055
190803111602,156.0621102843158,771m,0.594441,262.5359123686216,3,0.2911565761859938,0.2932176293277304,0.11918278665544335,0.1357563777755406,-0.002061053141736602,-0.7029090121429757
190901040304,72.34556792900844,771m,0.594441,121.703529751495,4,0.45303290071655566,0.45629754474168316,-0.4382292732855433,-0.32594218913019213,-0.0032646440251274944,-0.715463859656676
1909010409,610.3584629911526,771m,0.594441,1026.7771957034468,2,0.31289096370065234,0.3151513288335495,0.033552139828330496,0.0356683215903219,-0.0022603651328971797,-0.7172316681206238
190902010107,121.13737570722941,771m,0.594441,203.78368199237505,3,0.4661300654631804,0.46951341681717723,-0.4894303312547663,-0.3540665839744747,-0.0033833513539968108,-0.7206080237136752
190804041708,79.66934672793506,771m,0.594441,134.0239766905968,4,0.3491604559636425,0.35169592791866616,-0.09289455897261689,-0.08887498575331906,-0.0025354719550236826,-0.7209272993374096
190902040104,139.19906481251044,771m,0.594441,234.16800794782063,3,0.3213260194315872,0.32366987836031363,-0.0014379655211342879,-0.0014900537239634372,-0.002343858928726461,-0.7241510827637924
190804041105,145.12686902749996,771m,0.594441,244.14007282051534,3,0.265488511821422,0.2674358775232096,0.18549300612420438,0.23066873348444408,-0.0019473657017875512,-0.7281617260266614
190902010204,36.92392426068578,771m,0.594441,62.11537269583656,6,0.3605904302797897,0.36323939792308674,-0.14041023022255672,-0.1302199985870907,-0.002648967643297029,-0.7292622051581332
190804041202,116.8567368401029,771m,0.594441,196.58256553653416,3,0.2875808523844339,0.28969390950408225,0.1090103208813673,0.12561179764187014,-0.0021130571196483205,-0.7294102672940538
190901041201,160.24840811909334,771m,0.594441,269.57832336446063,3,0.2933539272907888,0.2955417133531311,0.08003151090137806,0.09047545065852645,-0.002187786062342323,-0.740263036821548
190901040406,97.58071370580119,771m,0.594441,164.15542283557357,3,0.5049784192861477,0.5087510256964907,-0.6519298677835366,-0.4361980266676186,-0.003772606410342938,-0.7415427625287166
190901040201,130.2000970451347,771m,0.594441,219.0294697793973,3,0.4680452709560438,0.4715522467283045,-0.5273208918007697,-0.3798745586021582,-0.0035069757722606676,-0.7437088459640594
190803090104,128.19299809975738,12km,144.0,0.8902291534705373,16,0.030875711424758836,0.03110722477735367,0.9852000045776368,7.696874921070414,-0.00023151335259483444,-0.7442430311667603
190901040904,86.11642971894457,771m,0.594441,144.86959970618543,4,0.30790422817490004,0.3102402895364245,0.018458276540968654,0.01992001268291191,-0.0023360613615244774,-0.7529845220990249
190803110604,107.74129884614561,771m,0.594441,181.2480950105151,3,0.27293107528262184,0.27502154119889843,0.13475536127469923,0.1631704602001643,-0.002090465916276596,-0.7601098834526381
190804041303,153.9725275445342,771m,0.594441,259.020706082747,3,0.297885816652822,0.3001852616755481,0.04212036393758467,0.04691239142058593,-0.00229944502272611,-0.7660086340985786
190901040708,107.51106096736525,771m,0.594441,180.86077670847948,3,0.2953663269957676,0.2976664848231533,0.0452324914459723,0.05078620915701345,-0.002300157827385685,-0.7727298653566028
190804040305,47.2451143176503,771m,0.594441,79.4782229315446,5,0.2657267569872538,0.26779656732109025,0.15014714864790335,0.18647529960871162,-0.0020698103338364637,-0.7729039825050276
1909020102,589.754932354271,771m,0.594441,992.1168498711747,2,0.38874506103643086,0.39178640616230265,-0.28972840308119885,-0.24978115174397092,-0.003041345125871786,-0.7762763276201751
190803090102,66.01215693917095,771m,0.594441,111.04913177114457,4,0.261840535572818,0.2638936614496746,0.16003560302624464,0.2015514303649738,-0.0020531258768565763,-0.7780125773305527
190803110602,138.05664269324924,771m,0.594441,232.24616520941396,3,0.2807606730850595,0.28296305223960216,0.09243113263103453,0.10892478676487029,-0.0022023791545426885,-0.7783274661166006
1908040322,994.4162653459758,12km,144.0,6.905668509347055,13,0.0668705033286556,0.06739898507318832,0.8528601050810813,3.6787639731272264,-0.0005284817445327245,-0.7841093511405964
190804040902,145.41129399628332,771m,0.594441,244.6185475030883,3,0.30901048916719376,0.31147836581076893,-0.020711043817598807,-0.022266062341444636,-0.002467876643575173,-0.7923107716169511
190803110502,151.92224787901642,771m,0.594441,255.57161750117578,3,0.2937122576649513,0.2960727149263622,0.030157420358975173,0.03403444491761338,-0.002360457261410931,-0.7972559247811851
190902010206,30.508501028662334,771m,0.594441,51.323009396495756,6,0.3172717774832926,0.31982510166624845,-0.056031422485858684,-0.05873052758330415,-0.0025533241829558406,-0.7983501512712241
190901040501,49.31083734445086,771m,0.594441,82.95329114992212,5,0.36085409794743456,0.36376442122080616,-0.21553298066569937,-0.19961265433236222,-0.0029103232733715956,-0.8000571533643802
190804032206,92.16935011404414,12km,144.0,0.6400649313475287,16,0.08390609905603132,0.08458368993767168,0.7877772437201607,2.8034776976005054,-0.0006775908816403636,-0.8010892905472309
1908040411,494.7137914402431,771m,0.594441,832.2336303186407,2,0.29206149739385523,0.2944319367513631,0.029474145234701155,0.03344049236238336,-0.0023704393575078586,-0.8050890754794741
190902010105,131.88074136233743,771m,0.594441,221.8567382840979,3,0.38891386572058273,0.39208008096937885,-0.32567681570672846,-0.2805698213510583,-0.0031662152487961226,-0.8075430001360873
190804041403,119.53078696304635,771m,0.594441,201.08099367817218,3,0.2808581464232921,0.28316606345095013,0.062107699193290955,0.07314029754004997,-0.002307917027658035,-0.8150401215214164
190804041505,45.312709704164575,771m,0.594441,76.22742997903,5,0.33146005573444887,0.33420861109820654,-0.13056258952757105,-0.13119299743733487,-0.0027485553637576765,-0.822407105168819
1908040409,696.3525867827732,771m,0.594441,1171.4410459284827,2,0.2582608085532655,0.26043410263252464,0.1303661326816581,0.1662577479562596,-0.002173294079259147,-0.834489053964522
190804040101,65.72312171881347,2km,4.0,16.43078042970337,10,0.11611168400500864,0.11708899055148939,0.659638554216869,1.7637394497777248,-0.0009773065464807468,-0.8346698881574015
190803111806,113.80122009881246,771m,0.594441,191.44241413161689,3,0.24671413374063852,0.24879506097194642,0.17199028838751929,0.22906977826354938,-0.0020809272313078997,-0.8364021468828678
190901040502,55.399807348086945,771m,0.594441,93.1964776118857,4,0.2916431882685349,0.29413575087641614,-0.004915628358162394,-0.0055824936298103965,-0.0024925626078812213,-0.8474191255072882
190804040201,139.49245648147127,771m,0.594441,234.66156688632054,3,0.2984558354563569,0.3010102329246476,-0.03157359837391027,-0.035073519492788065,-0.0025543974682907256,-0.8486081830082408
190804041302,56.19565855329652,771m,0.594441,94.53530048111843,4,0.23411684615313486,0.2361231327449705,0.2099256292906091,0.29378092325427496,-0.002006286591835632,-0.8496781185783107
190804040901,59.565786494839585,771m,0.594441,100.20470743915642,4,0.33992532768821293,0.3428445733825315,-0.19054001835483803,-0.186821721947152,-0.002919245694318562,-0.8514778768457831
1908040416,248.34717486560027,771m,0.594441,417.7827149634703,2,0.2758165975889803,0.27819197234404497,0.049443073588079756,0.05921842587949899,-0.002375374755064663,-0.8538617182407388
190901040404,147.32561069516345,771m,0.594441,247.83891201172773,3,0.39857822283039956,0.40205817349808465,-0.428158664990022,-0.3600037400638734,-0.0034799506676850833,-0.8655341184605122
190902010102,45.75426146610412,771m,0.594441,76.9702316396482,5,0.5171021419413376,0.5216327023420171,-0.8847427688231448,-0.577723822925561,-0.004530560400679451,-0.8685345800480342
190804041305,34.13772647190445,771m,0.594441,57.42828383625027,6,0.2639767315763567,0.2662963155031118,0.08098845598846083,0.10112270981836803,-0.0023195839267550755,-0.8710537066097597
190804041309,49.98766066837365,771m,0.594441,84.09187903992768,5,0.2622935748594306,0.2646111327984796,0.08378341884957763,0.1052461071237404,-0.0023175579390489753,-0.8758353870220429
190902010111,114.37532251958963,771m,0.594441,192.4081995010264,3,0.34228907868407105,0.3453306327660661,-0.228644413347169,-0.22262990899933358,-0.0030415540819950793,-0.8807657917956815
190803111501,62.058853526267434,771m,0.594441,104.3986762795087,4,0.2799908546289757,0.2825039811661819,0.004537286612745106,0.00535522081005435,-0.0025131265372062006,-0.8895897774013539
19080404,10440.947004588248,771m,0.594441,17564.311688776932,2,0.27076605362594286,0.273202073449138,0.038739437739494065,0.04720575577164562,-0.0024360198231951347,-0.89165495431302
1909010407,931.610660249447,771m,0.594441,1567.2045842218943,2,0.2903922442873825,0.29302447682560223,-0.04322974743320174,-0.04927230350180433,-0.0026322325382197587,-0.8982978373463217
190901040203,98.39761099693776,771m,0.594441,165.5296505404872,3,0.4969045578845713,0.5014543889422638,-0.8636728733114296,-0.5860586613603631,-0.004549831057692522,-0.9073269988302721
190902010303,48.2825040523327,2km,4.0,12.070626013083174,11,0.1518615915785243,0.15326424594426122,0.49089068825910687,1.0280433261970823,-0.0014026543657369162,-0.915186942065425
190804041710,119.78574066650103,771m,0.594441,201.5098902439452,3,0.2727655324620956,0.27532241381295824,0.0015284423179053874,0.0018488092060924106,-0.0025568813508626276,-0.9286862320623335
190803111601,50.740128430280855,771m,0.594441,85.35771999286868,5,0.31790644663467654,0.3209204665184913,-0.1886750962067083,-0.19711631240868,-0.003014019883814778,-0.9391797028442594
190901040408,62.43433777731426,771m,0.594441,105.03033568901584,4,0.45730938009657535,0.4617150950662046,-0.7703264094955387,-0.566416477570249,-0.004405714969629271,-0.9542063962620806
190902010207,144.05665727732872,771m,0.594441,242.33970617324297,3,0.30302064649104343,0.30595682070045443,-0.14681070994417666,-0.16056039458188837,-0.002936174209411002,-0.9596694731919866
190902040105,133.35230277465968,771m,0.594441,224.33227649953432,3,0.2505518517464141,0.2529976580475112,0.06254469672040841,0.08198879493178683,-0.0024458063010970865,-0.9667308069064344
190804040807,58.2670246971483,771m,0.594441,98.01986184860786,4,0.21593987305235426,0.21805015881123357,0.20409463148315865,0.30790138370304104,-0.00211028575887931,-0.9677983131882001
190901040107,134.62365027037484,771m,0.594441,226.47100430551532,3,0.4255414132946255,0.429717060177724,-0.6626903696502211,-0.5224405188577458,-0.0041756468830984605,-0.9717200618871127
190804040304,126.90492388503431,771m,0.594441,213.4861557076889,3,0.2256069098754011,0.2278311015565687,0.15878190731483244,0.22983852925713028,-0.002224191681167581,-0.9762458531656317
190804020504,39.678718344920526,771m,0.594441,66.749632587457,5,0.21775437673455084,0.2199014592411657,0.19117863043877037,0.286129656424593,-0.0021470825066148558,-0.9763839285214351
190803110503,133.26223963474115,771m,0.594441,224.18076753578765,3,0.25102570973330857,0.25350812700330255,0.05144636030203742,0.06731130220226676,-0.002482417269993986,-0.9792259125332289
190901040511,135.13944951836115,771m,0.594441,227.33870900284663,3,0.2796196746615843,0.2823930967424094,-0.06944660076938192,-0.08199640444010403,-0.0027734220808250942,-0.9821139797035928
190804020501,221.96211535958776,771m,0.594441,373.3963763596181,2,0.2375337213889874,0.23989545090688452,0.10373368486209245,0.14301030934326356,-0.002361729517897121,-0.9844828274021031
1908040403,549.6420214609652,771m,0.594441,924.6367956802529,2,0.24688649452330455,0.24934136644625365,0.06477517498986174,0.08609329183619034,-0.0024548719229491034,-0.9845425802935346
190901040301,49.73443286714597,2km,4.0,12.433608216786492,11,0.19734160432230127,0.19930670217623575,0.2701123369099818,0.44336620957446515,-0.0019650978539344777,-0.9859667700471265
190804040502,133.2905748704765,771m,0.594441,224.22843456369344,3,0.19894986937813527,0.2009330715243673,0.26281582563958494,0.42811973633384504,-0.001983202146232016,-0.9869963820224146
190902010301,41.476016496820186,771m,0.594441,69.77314232500818,5,0.42050762111613493,0.4247071611605557,-0.6629010695187105,-0.528579652055257,-0.0041995400444207465,-0.9888083904554552
190804040405,154.36209493613,771m,0.594441,259.6760568940063,3,0.23969037311973082,0.2420846765045268,0.09157555676137008,0.1251679202131767,-0.002394303384795987,-0.9890354975653387
1908040413,811.542172201825,771m,0.594441,1365.2190414218148,2,0.23925418327954126,0.2416480964222944,0.09226130594342408,0.1263208863429087,-0.00239391314275314,-0.9906608734751358
190902010404,90.65031234882741,771m,0.594441,152.49673617537724,3,0.352555862312941,0.3560876161792229,-0.3824068762519204,-0.3615141739889241,-0.003531753866281906,-0.99182159272406
190902010104,51.02458421940413,771m,0.594441,85.83624652304289,5,0.4630500474062643,0.46773007967257496,-0.856366225137009,-0.6218126930241706,-0.004680032266310641,-1.0005839841617208
1908040405,981.7315684650991,771m,0.594441,1651.5206193131012,2,0.23025944348866387,0.23258808159537706,0.12277553045991851,0.17428536356220997,-0.002328638106713188,-1.0011854823946715
190804040301,77.30864421083555,771m,0.594441,130.0526784169254,4,0.2871497671923377,0.2901254666331267,-0.13723045409510348,-0.1579049913323374,-0.0029756994407890147,-1.0256595104599644
190804031702,239.55297795105216,12km,144.0,1.6635623468823066,15,0.050852209507328244,0.051379345905715704,0.874327748212373,4.700686962956556,-0.0005271363983874594,-1.0259694612593695
190804040604,92.27654386907905,771m,0.594441,155.232468603409,3,0.22151969231842422,0.2238164231673467,0.14340738702799172,0.21109349467558136,-0.0022967308489224847,-1.0261672563702922
190901040702,59.03629784625412,771m,0.594441,99.3139737101817,4,0.29731525914494084,0.30040660739765973,-0.18369788106629414,-0.20445295363196314,-0.003091348252718895,-1.0290546800878981
190803110601,52.55999121843443,771m,0.594441,88.41918915154646,5,0.2786409058215016,0.2815397772900272,-0.10405034821550885,-0.1232086101185596,-0.0028988714685256323,-1.029648988298861
190803090103,128.00682105464585,771m,0.594441,215.33982523857853,3,0.2845372334029699,0.28750204885617126,-0.13067793965635133,-0.15167525863628434,-0.002964815453201375,-1.031232808599769
1908031106,616.1437863149606,771m,0.594441,1036.509571706798,2,0.26528835664267514,0.2680914918829363,-0.05908535862063502,-0.07330426037154446,-0.0028031352402611565,-1.0455890340172234
190804041507,54.47837612723319,771m,0.594441,91.64639741746143,5,0.29882164007573664,0.30198474033676764,-0.20620929222752693,-0.2283602350249468,-0.0031631002610310044,-1.0474371180158226
1908040412,240.90716167462978,771m,0.594441,405.2667324000696,2,0.33617342222171337,0.3397328329205295,-0.3687576875768741,-0.3647454872174818,-0.0035594106988161567,-1.0477087740438604
190901040107,134.62365027037484,12km,144.0,0.9348864602109364,16,0.008991773892505536,0.009087503436837254,1.0528516152965706,16.19771715840878,-9.572954433171785e-05,-1.0534196217595582
190804040503,88.11552566724225,771m,0.594441,148.23258433930744,4,0.21453102275610456,0.21682308798684868,0.15394050147347116,0.233474392599535,-0.002292065230744128,-1.057113083309261
190804041802,96.0774818975542,771m,0.594441,161.6266070098701,3,0.3668995314817655,0.37086150027104486,-0.5243730973361664,-0.4766762303596851,-0.0039619687892793465,-1.0683149333062973
1908040418,321.26147808008744,771m,0.594441,540.4430012063223,2,0.31647986283305246,0.3199054934508887,-0.30456225832976713,-0.3191564665516405,-0.0034256306178362395,-1.0708258182387655
190804040508,102.3067874745153,771m,0.594441,172.10587337433876,3,0.2393605964252166,0.24195478754731292,0.034820282413349446,0.04761748022338386,-0.0025941911220963287,-1.0721801161256415
190803110501,53.33438391879704,771m,0.594441,89.72191339224084,5,0.2723375950792518,0.27529209757373313,-0.11167058189241175,-0.1350913022235619,-0.0029545024944813147,-1.073224593266791
190804020408,173.23370646862531,771m,0.594441,291.42287707043306,3,0.22875217179955248,0.23123649363123983,0.08021711965011491,0.11450032774897455,-0.0024843218316873417,-1.074364081843054
190804040202,82.05000375233381,771m,0.594441,138.02884348881355,4,0.3355033308634366,0.33915201395784367,-0.3934172088700052,-0.3897773760204029,-0.003648683094407079,-1.075825277234122
190804041310,46.24896186171727,771m,0.594441,77.80244273480004,5,0.26557230798164416,0.26847457018428456,-0.08782002048131687,-0.10880597240987067,-0.0029022622026403933,-1.081019405543043
190901040707,167.52253363979872,771m,0.594441,281.8152409403098,3,0.24688669411958078,0.24959817497186748,-0.00864274267544829,-0.01147594330120918,-0.0027114808522867018,-1.0863384127677682
190804040906,143.63201046601918,771m,0.594441,241.6253429121127,3,0.220132306839178,0.2225500685446508,0.11060562026334253,0.16368274429875632,-0.002417761705472782,-1.0863900071042665
190804020502,125.35944869443165,771m,0.594441,210.88627583634315,3,0.21996046504902184,0.22238542960622917,0.10877100500788117,0.16108002566439447,-0.0024249645572073375,-1.090433200368003
190803090101,59.91788669985944,771m,0.594441,100.79702897320244,4,0.24647467597964537,0.24920731459465606,-0.014153846153845961,-0.01882160392798665,-0.0027326386150106907,-1.096532266500852
190804041601,67.16707480898071,771m,0.594441,112.99199552012851,4,0.296716366039534,0.30002302347993715,-0.24451114115764483,-0.2724699996837524,-0.003306657440403149,-1.102134563557676
190804032008,66.8422934991788,771m,0.594441,112.44563127236984,4,0.22448317153624345,0.22699694698855374,0.0774089395621047,0.11243870793386396,-0.002513775452310296,-1.107404961017847
1908031115,403.00361169571363,771m,0.594441,677.9539293146227,2,0.26197430116696746,0.2649151265412759,-0.0941176470588232,-0.11809861234130459,-0.0029408253743084534,-1.110100964298937
1909020401,548.0946553539294,771m,0.594441,922.0337348095595,2,0.2727440140391981,0.27580714019810065,-0.14328350600335682,-0.17302597802168976,-0.0030631261589025294,-1.1106043725707808
1908040321,517.9620183927285,771m,0.594441,871.3430237697745,2,0.21092539940375657,0.2132952030997383,0.13644456708483688,0.21015627753174837,-0.0023698036959817204,-1.111044065474639
190804020601,152.7090719299978,771m,0.594441,256.8952544154892,3,0.22888094832093278,0.23145888582003663,0.053263514585324856,0.07595829939179448,-0.002577937499103844,-1.1137777190840865
190804041804,114.65911641663493,771m,0.594441,192.88561256143996,3,0.2666727409610127,0.2696776194789966,-0.11862763643242147,-0.1463514242791082,-0.003004878517983922,-1.114248384344683
190902010203,44.430919418475064,771m,0.594441,74.74403585633404,5,0.3783936692599015,0.3827703187243618,-0.6581444030512671,-0.5803060219709033,-0.004376649464460314,-1.1434140136691215
190803111807,188.09857861377546,771m,0.594441,316.4293489408965,3,0.2378784837052806,0.24063022007165552,-0.008303835793313397,-0.0114148299144391,-0.0027517363663749073,-1.1435539416269027
190901040706,42.117223867055415,771m,0.594441,70.85181517939613,5,0.25074861977465024,0.2536512038009455,-0.06840166559898364,-0.08944734899923136,-0.002902584026295285,-1.1443210135809596
190804041602,70.6885995804864,771m,0.594441,118.91609020993909,4,0.2747732156899713,0.277984409866845,-0.18831759356419298,-0.2257102599650735,-0.003211194176873655,-1.155170600542607
190803110504,133.93543786679882,771m,0.594441,225.31325710507656,3,0.21846574153673629,0.22102551944650503,0.07216724193722257,0.10749252522785652,-0.0025597779097687456,-1.1581368143275828
190803111805,57.01469490290309,771m,0.594441,95.91312662300058,4,0.2530908898655605,0.2560578943598573,-0.08991563919532553,-0.11653141419819275,-0.002967004494296821,-1.1587240853144982
190803110506,144.66794967474343,771m,0.594441,243.36805448268782,3,0.22683624209725578,0.2295058346784901,0.02973151061243584,0.04274024584901004,-0.002669592581234309,-1.1631915959670853
1908031118,720.1656135483339,771m,0.594441,1211.5005754117462,2,0.24014022600938298,0.2429682357784288,-0.03310303108615642,-0.04509031051401559,-0.0028280097690458195,-1.163942175398096
190804040103,107.40442369568778,2km,4.0,26.851105923921946,8,0.1281607250453172,0.12967168807941,0.4910970706490545,1.1977977332903769,-0.001510963034092816,-1.1652219975477707
190804041307,45.69012134643222,771m,0.594441,76.8623317476961,5,0.21962498899965852,0.22222795822149854,0.05828413598104021,0.08637116380608095,-0.002602969221840029,-1.1713059160835215
190804020407,65.4264337664539,771m,0.594441,110.06379735996322,4,0.2095415021022418,0.21204490312705862,0.10004285145848257,0.15494288421782568,-0.0025034010248168315,-1.1805994805339783
190804040601,99.38828499342418,771m,0.594441,167.1962145838261,3,0.2229426155074335,0.2256116173342141,0.035025187719796236,0.051169681998127645,-0.0026690018267805926,-1.183007266344275
1908030901,759.6187753153374,771m,0.594441,1277.870764828364,2,0.20681018044552163,0.20928748309516462,0.1111046558205544,0.1742035241531325,-0.002477302649642993,-1.1836840947227332
190804041709,98.10036384213328,771m,0.594441,165.0296057003694,3,0.3856014436903973,0.3902554324457475,-0.746979789075013,-0.646428607505156,-0.004653988755350225,-1.1925493839210586
190804041401,49.587665554959976,771m,0.594441,83.41898616508615,5,0.3379323174297511,0.3420149888447112,-0.5207813287065477,-0.5118096073541052,-0.004082671414960104,-1.193711254805211
1908031116,433.7491304938217,771m,0.594441,729.6756625027913,2,0.2670607687746062,0.27029047782514065,-0.18346397309960594,-0.2258517250291007,-0.003229709050534435,-1.1949030082457563
190804040105,108.27626414662174,771m,0.594441,182.14804185212955,3,0.3487343615196071,0.35295856885802623,-0.5754930520676282,-0.5486949137391526,-0.004224207338419161,-1.1967997694704795
190803110605,84.99798706148262,771m,0.594441,142.9880964830532,4,0.24095236572583154,0.24387228967830393,-0.06046924862199887,-0.08207721558646279,-0.0029199239524723974,-1.1973168236227734
190804040507,65.16659687011388,771m,0.594441,109.62668602958726,4,0.2316389792698692,0.23446336881652682,-0.020878209574874518,-0.02941353035622751,-0.0028243895466576185,-1.20461868347024
190804020506,147.30489527155422,771m,0.594441,247.80406343363634,3,0.20611458591345602,0.208629378390157,0.10129406514948869,0.15929153860188636,-0.002514792476700972,-1.2053875135447456
190901040109,147.2703732137082,771m,0.594441,247.74598860729358,3,0.36976434496204863,0.37427955082338293,-0.686428760637952,-0.6184930858316615,-0.004515205861334304,-1.2063725767013553
190803090203,49.280995841505224,771m,0.594441,82.90309019987724,5,0.18301230149558395,0.185261912607525,0.20757079122279976,0.36476875445010837,-0.0022496111119410522,-1.2142868872928159
190804040501,91.05031962429894,771m,0.594441,153.16964950987386,3,0.22646656731260276,0.22926171547967367,-0.005704289625796832,-0.00820838798751414,-0.00279514816707091,-1.2191953467776995
190803090402,147.7576218204491,771m,0.594441,248.5656639102099,3,0.1842891134524036,0.1865711783625509,0.1966050306257472,0.3432389211518205,-0.002282064910147319,-1.2231604742897317
1908040323,754.0841107700855,771m,0.594441,1268.5600602416146,2,0.20535117524923993,0.20792549855817105,0.0852666421022974,0.1345133601683366,-0.00257432330893112,-1.2380988992607393
190804040905,53.03782992640348,771m,0.594441,89.22303462648688,5,0.20596425056106954,0.20854656054609774,0.08217468805703732,0.1292732376356119,-0.0025823099850282027,-1.238241464287972
1908040206,598.6205826946389,2km,4.0,149.65514567365972,4,0.15127912821292877,0.15317627965841166,0.35017814578193907,0.733744110835451,-0.0018971514454828864,-1.2385412739580821
190804020503,88.85884110181851,771m,0.594441,149.48302876453425,4,0.2057510965488143,0.20833684892063237,0.08147034252297658,0.12828628362845357,-0.002585752371818073,-1.2411401944564961
190901040303,81.45888256410515,2km,4.0,20.364720641026288,9,0.18945940686321355,0.19184934545422253,0.15893663372588662,0.27034879505746157,-0.002389938591008972,-1.2457371618081643
190804041003,164.42342072934937,771m,0.594441,276.6017497604462,3,0.19620371587248603,0.1986953867042869,0.12095368142832541,0.19910669096642333,-0.0024916708318008796,-1.2540154419937124
190803090306,124.0721406129199,771m,0.594441,208.72069829120113,3,0.19665209088223407,0.19915138923479703,0.11818125719927508,0.19412597865441883,-0.002499298352562962,-1.2549740989335103
190804040506,133.70910568064352,771m,0.594441,224.93250916515436,3,0.2349522570737965,0.23794570792319114,-0.07360868353451622,-0.10226556804171112,-0.0029934508493946466,-1.2580394391316074
190803091005,81.99811856421138,771m,0.594441,137.94155948901806,4,0.20865480063911607,0.21132044225874796,0.05479169987778221,0.08513276800386588,-0.0026656416196318977,-1.26142156013851
190902010504,133.5103214028243,2km,4.0,33.377580350706076,8,0.16294103917339486,0.16502307637213942,0.2819319978914052,0.551571823711525,-0.0020820371987445574,-1.2616642741827253
190804041304,149.67920249774147,771m,0.594441,251.7982482664242,3,0.20106744242656033,0.20366715910173872,0.08363952039971423,0.13453219595792423,-0.0025997166751783873,-1.2764535463863076
190804041311,102.25841854446138,771m,0.594441,172.02450460930754,3,0.20938368598444965,0.21209658087260255,0.04031286693685843,0.06242087056440416,-0.002712894888152906,-1.2790846872644435
1908040204,962.5983148866057,771m,0.594441,1619.333651088343,2,0.22114914995716003,0.22401821600531582,-0.019854122824256137,-0.02920015162618983,-0.0028690660481557884,-1.2807289064777245
1908040206,598.6205826946389,771m,0.594441,1007.0311144329528,2,0.21505448424882376,0.21784746723546555,0.00993537706536074,0.015001840089720955,-0.0027929829866417955,-1.2820819181812815
190902010201,146.87597506048013,2km,4.0,36.71899376512003,7,0.18232749366790277,0.18469858467587208,0.17371584239054272,0.3061417918315032,-0.0023710910079693115,-1.2837624133018366
190804041001,91.14362146233404,771m,0.594441,153.32660678239563,3,0.2174670906183594,0.2202970690840765,-0.0038246847219340907,-0.005714576959133113,-0.0028299784657171145,-1.2846192087272172
1908040411,494.7137914402431,12km,144.0,3.4355124405572437,14,0.0244099766332242,0.024728495169466506,0.9688171763573923,8.827491433038215,-0.0003185185362423078,-1.288062755373802
1908040410,374.37673924868113,771m,0.594441,629.7962947520126,2,0.20880117046591817,0.21152632973104307,0.03757062771417452,0.05832209607411225,-0.002725159265124899,-1.28833099339924
190804032302,122.72057781652472,771m,0.594441,206.44702807599867,3,0.24906710035520893,0.2523212144879294,-0.16676379176379896,-0.21916388403844547,-0.003254114132720448,-1.2896712388312157
190804041603,114.85782935174889,771m,0.594441,193.21989794066843,3,0.2630007567399427,0.26643698993729237,-0.23720836375075294,-0.29603112967277934,-0.0034362331973496474,-1.2896982502911425
1908031105,733.1559730102341,771m,0.594441,1233.353643187859,2,0.24606590971558837,0.2492966016785244,-0.1561124766396489,-0.20752588131971295,-0.003230691962936044,-1.295922985385144
190804020409,160.7084786566071,771m,0.594441,270.3522782859983,3,0.21719156776163923,0.22004741238709397,-0.010862544771299554,-0.01624739602544805,-0.00285584462545474,-1.2978314966189706
190902010106,86.12927309085659,2km,4.0,21.532318272714146,9,0.1657868595753992,0.16796685446873372,0.25016002757397615,0.4814795509792009,-0.002179994893334508,-1.297872071385551
1908040205,909.6498732100683,771m,0.594441,1530.260990089964,2,0.21427721872302607,0.21709490803989204,0.003889729081734572,0.0058924209411127795,-0.0028176893168659622,-1.2979066816013025
190804041503,89.39276287708302,771m,0.594441,150.38122013300398,4,0.31238597989671446,0.31649543184074064,-0.49482021523245123,-0.5238875229578548,-0.004109451944026177,-1.298423778228192
190803110606,70.23530866456733,771m,0.594441,118.15354032539365,4,0.2649834976200505,0.2684723486628284,-0.2548723223469551,-0.3157804917780418,-0.003488851042777852,-1.299519693612642
190804031501,117.28869279171084,771m,0.594441,197.30922461894593,3,0.21963052522097704,0.22252380507837544,-0.024783105410207895,-0.03668003342219437,-0.002893279857398401,-1.300211389239616
190804040302,57.527557424314665,771m,0.594441,96.77589100400992,4,0.25732976741785946,0.26072305823863023,-0.21745827984595678,-0.2770354912882646,-0.003393290820770778,-1.301492412560236
190803090105,44.98516316399364,771m,0.594441,75.67641391491105,5,0.21449378770853778,0.2173311475239238,-0.0020231822971510383,-0.00306171655137869,-0.0028373598153860202,-1.3055467877993345
190804041301,72.23538594473881,771m,0.594441,121.51817580674754,4,0.23305846759669277,0.23616413915896758,-0.10322329340733916,-0.14443237056440572,-0.0031056715622748143,-1.3150479041122811
190804041002,120.9648730627842,771m,0.594441,203.49348894639536,3,0.22090409717496,0.22386715985092703,-0.04642470205850202,-0.06832185733407214,-0.002963062675967021,-1.323580769032904
190804041703,74.1424636315559,771m,0.594441,124.72636246752141,4,0.2712408225901199,0.27490397910167624,-0.31297804391218165,-0.3791283601998518,-0.0036631565115563536,-1.3325221859380563
190804040306,146.86896311934072,771m,0.594441,247.0707153768679,3,0.21332012276700305,0.2162098323020479,-0.015456074903084982,-0.02350405531162448,-0.00288970953504486,-1.3365301218160601
190901040704,169.39567136108846,771m,0.594441,284.96633200113797,3,0.25234103304187566,0.2557656573262227,-0.21985700708484046,-0.2852455988847376,-0.003424624284347033,-1.3389695552358738
190803090104,128.19299809975738,771m,0.594441,215.65302208252353,3,0.20219677231530925,0.2049478054918159,0.03886039886040038,0.06213981458281376,-0.0027510331765066565,-1.342309164962741
1908040322,994.4162653459758,771m,0.594441,1672.8594853752952,2,0.19006187588192056,0.19266650779332853,0.09671838598171689,0.16386483922379783,-0.002604631911407973,-1.351886189893438
190804041308,66.98794878008941,771m,0.594441,112.69066026752766,4,0.19317336120778755,0.1958284636203541,0.07818318318318518,0.1304620164361629,-0.0026551024125665568,-1.3558306915556015
190804041801,75.93919525777031,2km,4.0,18.984798814442577,10,0.1062119733683736,0.10767252736882982,0.5344076522374905,1.5398186589893796,-0.0014605540004562212,-1.3564778650111242
190803090307,135.10722368963783,771m,0.594441,227.28449701423327,3,0.20244372981445752,0.2052286592253296,0.028837406114462283,0.04605334957871355,-0.002784929410872078,-1.3569885518836728
190804032007,48.18737518566735,771m,0.594441,81.06334385694686,5,0.21343527736841073,0.2163777597326516,-0.030706322342410886,-0.04666101710765477,-0.0029424823642408837,-1.3598820728509744
190804020406,66.37140126160872,771m,0.594441,111.65347151627954,4,0.21036043679766714,0.21327294417708093,-0.0180832643228257,-0.027855153203353487,-0.002912507379413787,-1.3656244070956918
190804040806,99.03196678647515,771m,0.594441,166.59679730448462,3,0.1875058432796308,0.1901216957813179,0.09687225724088222,0.1661754128550837,-0.0026158525016871104,-1.3758832157145917
190804032403,50.1453330033717,771m,0.594441,84.35712375723023,5,0.19184320335241578,0.19452227105463687,0.07307725017717814,0.12270709619068958,-0.002679067702221094,-1.377254998975724
190804032301,75.0246742753352,771m,0.594441,126.210463738765,4,0.24588462223448157,0.2493471223449663,-0.2221958456973283,-0.2953161160251573,-0.0034625001104847397,-1.388626456933578
190803090201,125.90515664607327,771m,0.594441,211.80429453229718,3,0.2021377338448469,0.20500706151535636,0.0050932001867138865,0.008142086759006737,-0.0028693276705094584,-1.3996238223699076
190804041103,60.85755283477333,771m,0.594441,102.3777849017368,4,0.2938856595088709,0.29809205395558086,-0.49820667212978265,-0.558613615007561,-0.004206394446709949,-1.4111058617271128
190804040605,88.43316563027876,771m,0.594441,148.76693503691496,4,0.18652082566182032,0.18920495544013102,0.07863408521303228,0.1354991605530088,-0.002684129778310701,-1.4186360880806972
1908040406,837.78918502289,771m,0.594441,1409.3731506119027,2,0.19109166445602768,0.19384801955182965,0.05195392237134655,0.08752152459096744,-0.0027563550958019656,-1.4219155306175268
190901040202,84.9168267929783,2km,4.0,21.229206698244575,9,0.14834397633304364,0.15049088567995506,0.2825837654567209,0.6017987597689426,-0.0021469093469114187,-1.4266042340113496
190804040804,104.23697429187803,771m,0.594441,175.35293543325247,3,0.18579912052703995,0.18851406935344545,0.07076641812446383,0.12235867560571405,-0.0027149488264054944,-1.440183661472625
1908030910,1081.1615233707378,771m,0.594441,1818.7869332208543,2,0.17285931047454506,0.17540175618749165,0.1371517310017083,0.2535916179635724,-0.002542445712946595,-1.449498436166686
190804041501,45.19310724047391,771m,0.594441,76.02622840698052,5,0.23942630688875347,0.24300917099756925,-0.24813263525304308,-0.3379325884143496,-0.003582864108815781,-1.4743740304564963
1908040324,598.9017670118454,771m,0.594441,1007.5041375205368,2,0.1975920857012765,0.20055282636480262,-0.01507788621785977,-0.024605065516430793,-0.0029607406635261124,-1.4762896724978432
190804040403,136.5481289719034,2km,4.0,34.13703224297585,8,0.13066102591790388,0.13262075781251642,0.35941027088036037,0.8589341798485087,-0.001959731894612543,-1.4776961969882427
190804032502,115.09983657225979,771m,0.594441,193.6270152500581,3,0.1994450702703077,0.20244530126720833,-0.028815188656572843,-0.04661064059891742,-0.003000230996900638,-1.4819958665973787
190804032104,177.38985967640718,771m,0.594441,298.414577184964,3,0.20918258687540514,0.21232954840355386,-0.08361203192744426,-0.12933227638848682,-0.003146961528148723,-1.4821119113236199
190804040907,124.08197233862138,771m,0.594441,208.73723773868454,3,0.19661292797377342,0.19957556323452466,-0.014331210191080856,-0.023493787198493207,-0.002962635260751245,-1.484467944239146
190803091006,122.17450387206121,771m,0.594441,205.5283936876178,3,0.18699807402297172,0.18983292169720553,0.034884476356047855,0.059926029922837395,-0.002834847674233809,-1.493338272881642
1908040318,245.01181793418428,771m,0.594441,412.1718016324316,2,0.18747402547690112,0.19034313679635526,0.024454970725820147,0.041904701791224394,-0.0028691113194541373,-1.507336365126602
190804040602,71.4665055055797,771m,0.594441,120.2247245825569,4,0.1880545524387624,0.19094037865653993,0.018908648730807442,0.03230623401243483,-0.0028858262177775262,-1.5113755603095864
190803090202,47.48527267514625,771m,0.594441,79.88222998606463,5,0.2028291328337456,0.20594654932461107,-0.06679678617448559,-0.10632573257675522,-0.003117416490865471,-1.513701735274927
190902010205,127.90019758246228,2km,4.0,31.97504939561557,8,0.15126582220874427,0.1535919203590508,0.22747093023255616,0.4754454452933898,-0.0023260981503065437,-1.5144664803127923
190804031702,239.55297795105216,771m,0.594441,402.9886531229376,2,0.17578397416869704,0.17856125014777105,0.06611576553892462,0.12023747212961146,-0.002777275979074012,-1.5553632026969098
190804032009,145.5632186633326,771m,0.594441,244.8741231902453,3,0.23651402317944217,0.24028090617464287,-0.29694871022783786,-0.40876075786191923,-0.003766882995200699,-1.567699679167525
1908040317,314.6025022778182,771m,0.594441,529.2409209287687,2,0.1762944623965583,0.17910276481694784,0.05656699104208229,0.10258313148814097,-0.0028083024203895413,-1.567983846178907
1908040408,778.1692042507433,771m,0.594441,1309.0772747013468,2,0.17958190615129044,0.18246863556171408,0.02980164582506717,0.053117074994358096,-0.002886729410423644,-1.5820414294966882
1908040418,321.26147808008744,12km,144.0,2.230982486667274,15,0.04918668152885594,0.049981269735924025,0.7999999786156202,4.395604324173462,-0.0007945882070680838,-1.589771951105463
190804040603,112.14481496417758,771m,0.594441,188.65592205816486,3,0.20940300382079138,0.21279001236144074,-0.15258130894721944,-0.23553495767814125,-0.0033870085406493555,-1.5917140579400186
1908040315,466.1206107369709,771m,0.594441,784.132673784229,2,0.1818977293007628,0.18484074894104174,0.010648600227575855,0.018752730924171488,-0.002943019640278932,-1.5921920123888162
190804040509,159.51781898504763,771m,0.594441,268.3492877931496,3,0.2154866079385773,0.2189790285808892,-0.19074749867078822,-0.28661650446610537,-0.003492420642311894,-1.5948653462136537
190804040703,144.2087980862068,771m,0.594441,242.5956454655833,3,0.19035082401209896,0.19344084556012353,-0.042535373680280486,-0.07179594520904607,-0.0030900215480245685,-1.5973986978174968
190804040808,164.28056975259872,771m,0.594441,276.3614383136404,3,0.19293041585175266,0.1960676596812862,-0.05944117754483358,-0.09907463376464777,-0.003137243829533537,-1.6000822545815154
190902010206,30.508501028662334,2km,4.0,7.627125257165583,13,0.1125466274336928,0.11438021538922868,0.41934250764526126,1.1449624782123173,-0.0018335879555358842,-1.6030639121427597
1908040325,272.66202017466657,12km,144.0,1.8934862512129622,15,0.05794932856624814,0.0588940161514947,0.7455223740290968,3.5928788284188697,-0.0009446875852465592,-1.604046806413258
190804032304,141.0201377797154,771m,0.594441,237.23151293352143,3,0.18239655906511398,0.1854030687146797,-0.008172889408932349,-0.014352213914618899,-0.003006509649565725,-1.621607274576722
190804032406,85.32457115597555,771m,0.594441,143.53749347029486,4,0.18437886762410707,0.1874183675553743,-0.020220692256906148,-0.03515313090769776,-0.003039499931267231,-1.6217727061192047
190804031801,47.25632703262157,771m,0.594441,79.49708555200864,5,0.17789648905502786,0.18083258670855956,0.01789532570860075,0.032164144162841156,-0.0029360976535316996,-1.623655175747548
190804020507,129.07150859082992,771m,0.594441,217.1308987617441,3,0.19901971379407568,0.20230816926331552,-0.11071843757265754,-0.17920877182154693,-0.003288455469239837,-1.6254684530112702
190902010401,85.66191688301038,2km,4.0,21.415479220752594,9,0.18599790679590344,0.18908998196125748,-0.03739376770538172,-0.0644720132851409,-0.0030920751653540357,-1.6352400763291461
190804032404,142.86660864158753,771m,0.594441,240.33774359707277,3,0.17675053597696627,0.17969664873728894,0.016538196042340303,0.029899563466377947,-0.0029461127603226667,-1.6394923227699112
1908040325,272.66202017466657,771m,0.594441,458.68643006566936,2,0.18630658856542695,0.1894243048424341,-0.045136150012993426,-0.07769281921110978,-0.00311771627700716,-1.6458903093774166
190803090403,88.46761696854948,771m,0.594441,148.8248908950585,4,0.2006845919547801,0.20404293009046412,-0.13290362524737276,-0.21340331148823147,-0.003358338135684008,-1.6458978187556224
190804032306,162.22329379111406,771m,0.594441,272.900580194021,3,0.17796923726053834,0.18095172638508084,0.004526644456731788,0.008130977979547389,-0.0029824891245424923,-1.6482236362838003
190902010107,121.13737570722941,2km,4.0,30.284343926807352,8,0.1640752363138952,0.16683724837021263,0.08589352322821497,0.16635285325025495,-0.002762012056317431,-1.6555128325951007
190804040607,126.74621153788917,771m,0.594441,213.21916142710407,3,0.17526831950650532,0.17822159375261704,0.01644008617487458,0.029950707874760667,-0.00295327424611172,-1.657079921645776
190804032208,117.13646280096665,771m,0.594441,197.05313530016713,3,0.17852030754641468,0.18152895056692875,-0.0036814725890366162,-0.006593280587090432,-0.003008643020514068,-1.6573901909958972
1908030902,960.2419799130994,771m,0.594441,1615.3697001268408,2,0.1626432484874268,0.16539213409811362,0.09153382681385125,0.17870763141528487,-0.002748885610686813,-1.6620413211768124
1908040407,420.3674407434667,771m,0.594441,707.1642782773508,2,0.18802402554652986,0.1912078324161688,-0.06630557429507888,-0.11313799098863868,-0.0031838068696389277,-1.6651027467898334
1908030904,703.9907607978083,771m,0.594441,1184.2903850807875,2,0.17927389814788178,0.1823353579369943,-0.019784579013304437,-0.03528710104333955,-0.003061459789112514,-1.6790269444999235
1909020102,589.754932354271,2km,4.0,147.43873308856774,4,0.1421472075949131,0.14458611075805264,0.20719821546029493,0.4577233992616592,-0.0024389031631395497,-1.6868170465009318
190804032103,127.61156827247854,771m,0.594441,214.67491016346204,3,0.19415255525337638,0.19748498005231563,-0.11689239068026325,-0.19352445927260045,-0.0033324247989392486,-1.6874320254919934
190804040702,122.16184780143003,771m,0.594441,205.50710297814254,3,0.1838983159870476,0.1870610646091944,-0.054850540986613794,-0.09552596127988978,-0.0031627486221467993,-1.6907573089859045
190803090401,147.74141075445667,771m,0.594441,248.5383928000536,3,0.18707817969194954,0.19030202495789855,-0.07651595668284727,-0.13113999486763045,-0.0032238452659490158,-1.6940677676247757
190804032307,75.56996223783975,771m,0.594441,127.12777590684314,4,0.17567583018276106,0.17871535921998252,-0.008774379742121141,-0.015944214703017937,-0.003039529037221461,-1.7007654241290333
190804031701,70.63704930787807,771m,0.594441,118.8293696226843,4,0.17842231933084746,0.18151216692343414,-0.0267857142857153,-0.04797561709813548,-0.003089847592586681,-1.702281254727154
190804032503,97.28786178419138,771m,0.594441,163.6627718885329,3,0.1764093250984837,0.1794727718079296,-0.01658279818928321,-0.03001495793675769,-0.0030634467094458884,-1.7069144687442428
190804040704,65.8232058521239,771m,0.594441,110.7312682875574,4,0.2009555516828093,0.20445623920256195,-0.17398743281096074,-0.2788421172685048,-0.00350068751975266,-1.712194029101947
190804041306,38.46127236865677,771m,0.594441,64.70158076017094,5,0.26702207847464066,0.2716840990676083,-0.5932076544145559,-0.7266961465689057,-0.004662020592967664,-1.7159710888370854
190804020507,129.07150859082992,2km,4.0,32.26787714770748,8,0.13826948462889108,0.14068684416445837,0.21846572802596143,0.4948091300519374,-0.0024173595355672928,-1.7182555696120938
190803090403,88.46761696854948,2km,4.0,22.11690424213737,9,0.10667509372686856,0.10854165308934127,0.4176370633215072,1.1948004412318802,-0.0018665593624727084,-1.7196710289056796
190804040504,95.82421958679971,771m,0.594441,161.2005557940985,3,0.20643782040829228,0.2100831268584696,-0.2225795203595453,-0.34774632737710226,-0.003645306450177327,-1.7351733595592969
190901040403,57.441337619388094,2km,4.0,14.360334404847023,11,0.11220906292363873,0.11419297286649177,0.37677859988617257,1.0302539840637532,-0.0019839099428530377,-1.737331022262217
190804032206,92.16935011404414,771m,0.594441,155.05214161547426,3,0.1747963435587585,0.17788743786588654,-0.022370023078742918,-0.04082503041979288,-0.003091094307128034,-1.7376686876891676
190804040701,79.14016608642113,771m,0.594441,133.13376110736158,4,0.1789821042345675,0.18215137509400905,-0.050246050246045115,-0.0897013592067719,-0.0031692708594415475,-1.7399104770995413
190803090107,86.09251675014279,771m,0.594441,144.82937204893807,4,0.1583687545125486,0.1611769762569582,0.08018327605956443,0.16032201822517744,-0.002808221744409617,-1.7423218933779836
190803090208,85.21631971658624,771m,0.594441,143.3553871899587,4,0.18564457026634584,0.18894229771797202,-0.09576731220657564,-0.1652364317537514,-0.003297727451626181,-1.7453622039404808
190804020407,65.4264337664539,2km,4.0,16.356608441613474,10,0.13856796320790699,0.14103106779211616,0.20498489425981603,0.4632426988922396,-0.0024631045842091748,-1.746497862329073
190804040609,67.38612485199864,771m,0.594441,113.3604930548173,4,0.18620796487540606,0.18951921628238538,-0.1003781335176015,-0.17270007879575264,-0.0033112514069793264,-1.7471850464205863
190804031905,85.44891373096698,771m,0.594441,143.74666910755985,4,0.1708439867506659,0.17388828308334728,-0.0037788302519814465,-0.007043396103527272,-0.0030442963326813843,-1.7507196452231386
190803091002,54.076238240976025,771m,0.594441,90.96989985713641,5,0.18175888324431802,0.18499901654024792,-0.07417500298911506,-0.13052190088066637,-0.003240133295929898,-1.75143271381931
190804040801,96.9808672846913,771m,0.594441,163.14632955110986,3,0.16571727697317884,0.1686729354982697,0.028328682068135436,0.05431264740675955,-0.0029556585250908596,-1.752301586712576
190804031503,136.40485157918857,771m,0.594441,229.46743508470743,3,0.17622944382558015,0.17937606684229998,-0.040143382628933466,-0.07269615386707141,-0.003146623016719835,-1.754204488989167
190804032401,155.69298029538996,771m,0.594441,261.9149424339673,3,0.20106506947304345,0.20465826866087938,-0.20059982806652954,-0.3211951045250305,-0.0035931991878359326,-1.7557068235488187
190803090304,61.12397624479796,771m,0.594441,102.82597641279447,4,0.16399438992321044,0.1669311322154857,0.03600835688828852,0.06970232586907944,-0.0029367422922752517,-1.7592538032296525
190803090305,144.36226631455662,771m,0.594441,242.85381781296482,3,0.18128608278038097,0.184536078061111,-0.07637430378140664,-0.13470584902897395,-0.003249995280730028,-1.7611706691055606
190804032402,120.37586761790271,771m,0.594441,202.50263292387757,3,0.21427930381159135,0.21812965149086977,-0.29156397847275173,-0.4397085809800653,-0.0038503476792784153,-1.7651647325166973
190902010402,94.90052779339773,2km,4.0,23.725131948349432,9,0.15284178553147382,0.15559437511609836,0.10337444330250634,0.21351003780207847,-0.002752589584624543,-1.7690803941792046
190804032305,41.95040640342941,771m,0.594441,70.57118604441722,5,0.17696925999396285,0.18015782013588172,-0.05311561561561717,-0.09579970752315724,-0.0031885601419188725,-1.7698705165914763
1908030906,814.6647013102379,771m,0.594441,1370.471924564823,2,0.17061964569581567,0.17369690480137395,-0.01291444594954072,-0.0240959451464013,-0.003077259105558283,-1.7716257575672942
190804032205,171.31528117864374,771m,0.594441,288.1956008731628,3,0.17283384450574305,0.1759587331908002,-0.029455862893243534,-0.054303472751594785,-0.0031248886850571422,-1.7759213358672463
190803090301,97.96657429938945,771m,0.594441,164.80453787573444,3,0.15348905314412054,0.1562646381760696,0.09594336943734305,0.1973800883207206,-0.0027755850319490516,-1.7762080175949273
190804041703,74.1424636315559,2km,4.0,18.535615907888975,10,0.08192817347363267,0.08341177069734886,0.5597763268876328,2.016143550230881,-0.0014835972237161876,-1.7786425240860424
190804031602,99.47284325541096,771m,0.594441,167.33846295159816,3,0.16886643751056013,0.17193369552837112,-0.0077455504284813514,-0.014589069372584605,-0.003067258017810992,-1.7839772526176276
1908040319,391.203199816315,771m,0.594441,658.1026541175912,2,0.16731918206337998,0.170361923945234,0.0013051365373613066,0.0024792794385342055,-0.003042741881854022,-1.7860457380325008
190804041502,72.19312876733613,771m,0.594441,121.4470885543496,4,0.25636693376060454,0.2610398241940828,-0.5822936570379511,-0.7409695822022345,-0.004672890433478238,-1.7901063364201282
1908040312,1120.725596296817,771m,0.594441,1885.3437032385334,2,0.159092070645191,0.1619966647434949,0.05165845054117568,0.10280614444117862,-0.0029045940983038754,-1.792996234152723
190803090210,115.75803006481328,771m,0.594441,194.73426305522884,3,0.1403962031604315,0.14296052119899907,0.17362073227518238,0.3875287135532623,-0.0025643180385675757,-1.7937246010722643
190804031904,108.43754103220601,771m,0.594441,182.4193503345261,3,0.1697103130671357,0.17281073712214517,-0.018345271640377803,-0.03439154337065222,-0.0031004240550094875,-1.7941154043096652
190804031401,161.13248633840212,771m,0.594441,271.0655663697526,3,0.15189643693454818,0.15467973492918258,0.09583278243206195,0.19900907309646582,-0.0027832979946343928,-1.7993940808785827
190803090603,106.5666019774261,771m,0.594441,179.27195798645468,3,0.18812640964966681,0.19157545307788376,-0.1423264103091313,-0.24241818561358472,-0.003449043428216947,-1.8003577038728236
190901040401,141.835215549781,2km,4.0,35.45880388744525,7,0.16126513135978945,0.16422417494179525,0.03321995464852279,0.06528345944403692,-0.002959043582005799,-1.8018319063283776
190804020506,147.30489527155422,2km,4.0,36.826223817888554,7,0.134490177222884,0.13696166363130055,0.20795383655645594,0.4826514774188301,-0.0024714864084165455,-1.8045096291103493
190804021202,119.35844358243472,771m,0.594441,200.79106855421264,3,0.1817439013849527,0.1851078955407298,-0.10959276465354861,-0.19273904712016163,-0.0033639941557770947,-1.8173153262589528
190804040601,99.38828499342418,2km,4.0,24.847071248356045,9,0.13031510630628756,0.13272998261744628,0.22964547677261749,0.5484071087107283,-0.00241487631115872,-1.8193902112673854
190804032600,990.4300897984875,771m,0.594441,1666.1537306452408,2,0.16627027112870016,0.16935155541671,-0.008341581608661386,-0.015933433170303348,-0.003081284288009828,-1.81946028214973
1909010404,949.9157823301671,2km,4.0,237.47894558254177,3,0.1276235211590159,0.12999361382025595,0.24600097240791996,0.5986575056997091,-0.002370092661240053,-1.8232377665238342
1908040326,981.608921661607,771m,0.594441,1651.3142963920843,2,0.16640080294574675,0.1694999505238484,-0.013624198520069797,-0.026002784849529406,-0.0030991475781016464,-1.8284061844995056
190901040703,124.31373659540185,771m,0.594441,209.12712379429053,3,0.3211564561966937,0.3271501353926089,-1.0454545454545467,-1.0722610722610735,-0.0059936791959152025,-1.832088251689782
190804032207,110.75157289910592,771m,0.594441,186.3121367791016,3,0.18628711600629932,0.18977012777357752,-0.14962418039341685,-0.2571101000629957,-0.0034830117672781935,-1.8353846351591843
1908030903,895.9671847870807,771m,0.594441,1507.2432500232667,2,0.17585683718970818,0.17914763516753565,-0.08090246085949815,-0.14668088113143618,-0.00329079797782747,-1.836919574601124
190804041101,66.53851826813836,2km,4.0,16.63462956703459,10,0.10198176986084188,0.10389463411596149,0.41056609365737984,1.2210144049290106,-0.0019128642551196062,-1.8411578917392135
190804031802,205.24592148965831,771m,0.594441,345.2755134481947,2,0.19042845574769024,0.19400763829484402,-0.18259001979932066,-0.3073545058277858,-0.003579182547153781,-1.8448668199930878
190804040803,106.03476217913072,771m,0.594441,178.37726902944232,3,0.16711920386658347,0.17027418889867246,-0.030545229244111738,-0.05805238373920508,-0.003154985032088997,-1.852885074652436
190804041505,45.312709704164575,2km,4.0,11.328177426041144,11,0.12277855474944972,0.12510105008849867,0.2659956865564297,0.6701441715568965,-0.0023224953390489494,-1.8564954789795733
190803090308,111.45513754242657,771m,0.594441,187.4957103268896,3,0.17083437284303904,0.17408667684152943,-0.06327866167819707,-0.11782102006042437,-0.0032523039984903857,-1.8682095939202448
190803090302,88.6907671636102,771m,0.594441,149.20028592174867,4,0.1562747176045377,0.15926432856174189,0.031042621130083603,0.06275462492604501,-0.0029896109572041807,-1.877137827536315
1908040323,754.0841107700855,12km,144.0,5.236695213681149,13,0.08079715619525767,0.08234676539938376,0.5423784321071956,1.9751581485302891,-0.0015496092041260984,-1.8818094391570295
190804020409,160.7084786566071,2km,4.0,40.177119664151775,7,0.14639610313524878,0.14920892498173693,0.09462514773135666,0.20310295880698456,-0.0028128218464881505,-1.8851565660917655
190804041310,46.24896186171727,2km,4.0,11.562240465429317,11,0.07296841569213493,0.07438407772945571,0.5910055973750232,2.3469536357852907,-0.0014156620373207834,-1.9031788529659872
190804031603,125.3454564550416,771m,0.594441,210.86273735331446,3,0.16344631374089974,0.16662087923282776,-0.03131320698179252,-0.06071812988159215,-0.0031745654919280164,-1.9052627177006045
190902040104,139.19906481251044,2km,4.0,34.79976620312761,7,0.10485904578884864,0.10690299731460126,0.3692741133576405,1.0708031456103908,-0.002043951525752624,-1.9119683985450355
1909020101,972.5603686083822,2km,4.0,243.14009215209555,3,0.15380738045724254,0.15680580451717085,0.03176855392269573,0.06514853696376038,-0.002998424059928312,-1.9121894557162087
190804031209,157.5908335913729,771m,0.594441,265.1076113380014,3,0.14654396313337387,0.14942887111466285,0.07380617932892619,0.15820354237240172,-0.0028849079812889866,-1.9306228841649211
190804031504,142.36211430128395,771m,0.594441,239.48905661164682,3,0.16125052808469975,0.1644335105153321,-0.030831335598186627,-0.060518143955047676,-0.003182982430632336,-1.9357261306755043
190804040802,47.563314242841955,771m,0.594441,80.01351562702094,5,0.16003296320810803,0.1631979545189354,-0.024081429990069125,-0.047599185416001395,-0.0031649913108273697,-1.9393572181446335
1908040314,286.83691676753784,771m,0.594441,482.53218867396066,2,0.14856756181376377,0.15150756592152226,0.05537939111574275,0.11721150720176124,-0.0029400041077584926,-1.9404998620869887
1908040316,361.7841492889903,771m,0.594441,608.6123758101987,2,0.16294511378080578,0.1661706786317117,-0.045244827099885754,-0.08795202208709467,-0.0032255648509059154,-1.9411155310106283
190804032002,157.679440171849,2km,4.0,39.41986004296225,7,0.15642098895626233,0.1595225320645671,-0.001174487370803945,-0.0023707601047324584,-0.003101543108304766,-1.9442664733088675
190804031601,137.30954152074915,771m,0.594441,230.98935221619834,3,0.15830606249243223,0.16144617678628032,-0.014691049423326774,-0.029328773803374685,-0.003140114293848084,-1.9449914246064268
190901040405,113.76186825106356,2km,4.0,28.44046706276589,8,0.12275894040964756,0.12519784006948267,0.2327173913043481,0.5858947414510275,-0.0024388996598351115,-1.948036530407844
190804031903,98.84422895340491,771m,0.594441,166.28097482072218,3,0.1638680656529194,0.16714440176104572,-0.060985605555892164,-0.117912173854256,-0.003276336108126332,-1.9601829756824718
190804032501,57.55304379990561,771m,0.594441,96.8187655291368,4,0.17516133438553627,0.17867573117284244,-0.1439602868174319,-0.26164888924533247,-0.0035143967873061677,-1.966913337495458
190803090204,139.24253554964037,771m,0.594441,234.24113671439278,3,0.16235128444375427,0.16562868137271683,-0.05929277850344761,-0.11560851373475559,-0.0032773969289625615,-1.9787617107132454
190902010101,134.41527119422858,2km,4.0,33.603817798557145,8,0.18492263869580436,0.1886663221118325,-0.2224083301927564,-0.3842657013801551,-0.003743683416028154,-1.9842881199587252
190804040805,118.26730300877894,771m,0.594441,198.95549433632428,3,0.1618842884961461,0.16517643691457157,-0.06289864135069223,-0.12294937373826346,-0.0032921484184254557,-1.9931102038047586
190804041104,109.85800143508165,2km,4.0,27.46450035877041,8,0.11034674265648452,0.1125990108780647,0.30245049398162394,0.8374561068713763,-0.0022522682215801865,-2.0002557784625696
190803091003,127.27547151359298,771m,0.594441,214.10951047049744,3,0.16079982029095694,0.16408963772175467,-0.060804389148088944,-0.11958251894734784,-0.0032898174307977313,-2.004890422377704
190804020503,88.85884110181851,2km,4.0,22.214710275454628,9,0.14316186803799894,0.14609909874086197,0.06328767123287093,0.1384850574023434,-0.0029372307028630307,-2.0104372499058587
190901040503,57.38005179178396,2km,4.0,14.34501294794599,11,0.09306958565453897,0.0949886115601416,0.4205331130147414,1.353200611186049,-0.0019190259056026254,-2.0202694555521563
1908040205,909.6498732100683,2km,4.0,227.41246830251708,3,0.14641706386313458,0.1494370850937929,0.035316330190070744,0.0756967391756477,-0.0030200212306583096,-2.020931570475173
190804040608,123.36912467490731,771m,0.594441,207.53804780442013,3,0.16057096289643716,0.16388425774667287,-0.06722023295057511,-0.13235335529836825,-0.0033132948502357096,-2.021728563677725
190803090303,125.30094280618376,771m,0.594441,210.7878541456322,3,0.1606609026764233,0.16399888087901102,-0.07440069273539507,-0.146396800344361,-0.003337978202587716,-2.035366451707853
190803091001,154.52648525715375,771m,0.594441,259.95260296169636,3,0.18098850183216747,0.18475112074473313,-0.22264793529161864,-0.3922715749366306,-0.0037626189125656573,-2.0365878688034544
190803090108,146.9196605117756,771m,0.594441,247.15600120411546,3,0.1764863655497396,0.1801687817650503,-0.19377581078349237,-0.3494756823089674,-0.0036824162153107076,-2.0438702971932035
190902010302,79.83458468502549,2km,4.0,19.958646171256373,9,0.1408871031847782,0.14383642067663063,0.06282352184676654,0.13944473307109395,-0.0029493174918524268,-2.05046641036974
190804040606,52.13510201191759,771m,0.594441,87.70441812041496,5,0.1591866194870588,0.16254221813830383,-0.07750162839928265,-0.1537593608456566,-0.0033555986512450175,-2.0644474338290424
190804020601,152.7090719299978,2km,4.0,38.17726798249945,7,0.16646751989771888,0.1700008468227454,-0.1379338339760494,-0.26253877623552596,-0.003533326925026531,-2.0784172497155975
190804041303,153.9725275445342,2km,4.0,38.49313188613355,7,0.10742262629184915,0.10971229214696282,0.2955993846830012,0.8376418059622702,-0.0022896658551136706,-2.0869729456081334
190803090205,149.14033761335259,771m,0.594441,250.89174133909435,3,0.1441041266407202,0.1471757307136325,0.023602317883138824,0.051300429058149154,-0.003071604072912293,-2.0870316444284374
190804040503,88.11552566724225,12km,144.0,0.6119133726891823,16,0.05748326067075624,0.05871925746358987,0.6627901432126073,3.201884631807566,-0.0012359967928336352,-2.10492578793259
190803090209,98.43016921508287,771m,0.594441,165.58442169211557,3,0.16002983963814715,0.16347974406352,-0.10559300419019735,-0.208382318997519,-0.0034499044253728517,-2.110294731090595
190902010207,144.05665727732872,2km,4.0,36.01416431933218,7,0.10934841212450368,0.1117102757131653,0.2724084419615096,0.7596207521777184,-0.002361863588661625,-2.1142760355601506
1909020105,1008.630021912423,2km,4.0,252.15750547810575,3,0.1361159103615564,0.13905718844884177,0.0714033338032749,0.1634494918798176,-0.002941278087285365,-2.1151571666986797
190804031304,113.06730166843636,771m,0.594441,190.20777784243745,3,0.14928052979097078,0.15250816128422856,-0.027851250649177928,-0.05859266814139242,-0.0032276314932577765,-2.1163664069376975
190901040302,69.9218009669923,2km,4.0,17.480450241748073,10,0.19091579189411717,0.19505237131272313,-0.34270667726549675,-0.5739914791638862,-0.004136579418605957,-2.120753206313945
190803090207,67.78756289801849,771m,0.594441,114.03581330698673,4,0.1376895449570388,0.1406830949622511,0.05437679923232963,0.1231625238174634,-0.0029935500052122865,-2.127867606278873
190803091007,146.54282118891018,771m,0.594441,246.52206222133094,3,0.16208319045321806,0.16561416639803173,-0.13149069735704444,-0.2564001124748558,-0.0035309759448136635,-2.13204946268149
190803091004,91.39594732018793,771m,0.594441,153.75108264771092,3,0.1532348918757113,0.15658921922680158,-0.06930444017962145,-0.14230511716882271,-0.003354327351090286,-2.1421189579034343
190804041702,121.83243161669346,2km,4.0,30.458107904173364,8,0.10879428278807428,0.11118098561902486,0.26603108266944986,0.7449831583335994,-0.0023867028309505767,-2.1466825623662875
190803091008,123.80703376688123,771m,0.594441,208.274721573514,3,0.1588191488648446,0.16230486296889524,-0.11424494032173982,-0.22696203862735403,-0.00348571410405063,-2.1476338048593444
190804031502,81.64960652116685,771m,0.594441,137.35527415028042,4,0.17715964592097883,0.18111182229681505,-0.2718422758796848,-0.48789483770836906,-0.003952176375836225,-2.1821747060549157
1908040204,962.5983148866057,2km,4.0,240.64957872165144,3,0.14276898164378624,0.14596802897494612,-0.011102840128266678,-0.024315007124591684,-0.0031990473311598877,-2.1916082265582766
190804020502,125.35944869443165,2km,4.0,31.339862173607912,8,0.15472110387103383,0.15821577043441518,-0.11141259661239644,-0.2266018914150436,-0.003494666563381349,-2.2087978674856465
190804031402,127.37049541515616,771m,0.594441,214.2693646891048,3,0.14419799660731403,0.14745797780929784,-0.030417278133931802,-0.06599713596939477,-0.0032599812019838137,-2.2107865918247103
190804041705,43.41083187495106,2km,4.0,10.852707968737764,12,0.08329563885527116,0.08518740388979161,0.44119677790563827,1.5605030729781417,-0.0018917650345204456,-2.2207098093608466
1908040212,537.7462340696507,771m,0.594441,904.6250747671353,2,0.15988554422068038,0.1635277728286281,-0.16042841539596253,-0.3165113287210356,-0.0036422286079477173,-2.2272844208333082
190804021202,119.35844358243472,2km,4.0,29.83961089560868,8,0.11044299859140756,0.11298495659076976,0.21944148227139237,0.6057601024410654,-0.0025419579993622016,-2.2498198663465834
190804041403,119.53078696304635,2km,4.0,29.882696740761588,8,0.08768057217111529,0.08970997278240281,0.396046953219404,1.339504915059991,-0.0020294006112875212,-2.262179497267222
190803090106,95.05495479090469,771m,0.594441,159.9064579847364,3,0.14050831972612546,0.14377956106526044,-0.028782657728214645,-0.06390981732142936,-0.003271241339134978,-2.275178276312992
1909010401,981.867334297001,2km,4.0,245.46683357425024,3,0.1289903045771435,0.13200665154413482,0.05930406735286198,0.14232503716430728,-0.0030163469669913234,-2.284996196561235
190803090206,82.7049008308776,771m,0.594441,139.13054589248992,4,0.131456331320822,0.1345445494497118,0.03549551253003358,0.08372736254501723,-0.003088218128889819,-2.2953126986716694
1908040401,599.2414402327132,2km,4.0,149.8103600581783,4,0.107482575625349,0.1100199033089821,0.22466265616757397,0.6350441984519593,-0.0025373276836331005,-2.3062442406509107
190901040504,46.374643073924695,2km,4.0,11.593660768481174,11,0.21230335326636993,0.21732039308159226,-0.6227622870782312,-0.9424807604210717,-0.005017039815222335,-2.3085913586299758
190803090301,97.96657429938945,12km,144.0,0.680323432634649,16,0.07357945361006667,0.07532142447965308,0.49684207313939055,1.9522281998545004,-0.0017419708695864122,-2.3127163109574207
190804020501,221.96211535958776,2km,4.0,55.49052883989694,6,0.15758073312851054,0.16136947974457408,-0.19931475482130878,-0.39808043318305475,-0.003788746616063543,-2.3478706271226835
190804031501,117.28869279171084,2km,4.0,29.32217319792771,8,0.13808289596140735,0.14140555283758996,-0.04030075187969828,-0.09085515721671111,-0.003322656876182606,-2.3497357844205826
190804040603,112.14481496417758,2km,4.0,28.036203741044396,8,0.12786678991788725,0.13095325912392045,0.04072032341051113,0.09843752637512762,-0.003086469206033199,-2.3569243153486448
190804040901,59.565786494839585,2km,4.0,14.891446623709896,10,0.12910829396140786,0.1322348301684309,0.02762284196546716,0.06618891844760501,-0.0031265362070230507,-2.3643817616286884
190803090203,49.280995841505224,2km,4.0,12.320248960376306,11,0.10872650806059823,0.11138913611576465,0.1871760999898413,0.5232880214769757,-0.0026626280551664133,-2.3903839710177786
1908040313,1341.0642304274686,771m,0.594441,2256.0089738552165,2,0.1329279372140659,0.13619749512202528,-0.018323976043575385,-0.042746032527156974,-0.0032695579079593806,-2.4006006167955154
190804032303,131.22226427840872,771m,0.594441,220.74901340655964,3,0.22442346214763967,0.2300135286047562,-0.802661391189929,-1.1514537808642917,-0.005590066457116544,-2.4303207254918626
190804031305,877.416663515745,12km,144.0,6.093171274414896,13,0.08411263033482895,0.08621477880242864,0.37992927271322685,1.329974119809107,-0.002102148467599693,-2.438269281438412
190902010105,131.88074136233743,2km,4.0,32.97018534058436,8,0.13424040027597764,0.1376153102561276,-0.05019337838412241,-0.1159931013078459,-0.0033749099801499705,-2.4524233341977992
190804040604,92.27654386907905,2km,4.0,23.069135967269762,9,0.13982019588799754,0.1433485332184542,-0.10143397958012912,-0.2258452594717299,-0.0035283373304566545,-2.461369677972002
190804041507,54.47837612723319,2km,4.0,13.619594031808298,11,0.09524914948279685,0.09767722214303062,0.272022518573209,0.8541769906888206,-0.0024280726602337738,-2.485812564036988
1909010403,399.7276070048247,2km,4.0,99.93190175120617,4,0.16526487302268308,0.1694836093582277,-0.3324514991181644,-0.6345647592693557,-0.004218736335544621,-2.4891706941570506
190804040907,124.08197233862138,2km,4.0,31.020493084655346,8,0.06655502829943408,0.06827278440150099,0.5130153999006453,2.189254907115129,-0.0017177561020669113,-2.5160188164658277
190902010103,104.93565062982054,2km,4.0,26.233912657455136,8,0.15628687755718942,0.1603218487243449,-0.26805843628821435,-0.5386027313364431,-0.004034971167155482,-2.5167943104830046
190804031303,135.29439014692292,771m,0.594441,227.59935829951655,3,0.14563797146887278,0.14940213249548567,-0.17656198731992845,-0.37852268279260765,-0.0037641610266128944,-2.5194827970254257
190901040301,49.73443286714597,1km,1.0,49.73443286714597,6,0.09786724835383588,0.10039944035820576,0.23878737541528494,0.7319153269434021,-0.002532192004369882,-2.5221176485999437
190901040404,147.32561069516345,2km,4.0,36.83140267379086,7,0.10134017145707998,0.10397729072509761,0.20419599030102376,0.6068475213765365,-0.002637119268017629,-2.536245414385559
190804040401,117.59745550140708,2km,4.0,29.39936387535177,8,0.17814301380716677,0.1828227379818334,-0.48129319390671554,-0.8562885044966104,-0.0046797241746666385,-2.5597057709154587
190902010111,114.37532251958963,2km,4.0,28.593830629897408,8,0.11397432641968137,0.11697248409289754,0.0842716711349425,0.22552632774739292,-0.0029981576732161647,-2.563130719558866
190901040409,142.9193890805442,2km,4.0,35.72984727013605,7,0.1271694947986043,0.13052187034481005,-0.034439631505094326,-0.08350369368862975,-0.003352375546205766,-2.5684397084944672
190804020406,66.37140126160872,2km,4.0,16.59285031540218,10,0.13974356679873318,0.14344686347762378,-0.15139024731032436,-0.3368631157428683,-0.003703296678890605,-2.5816505074495972
190901040304,72.34556792900844,2km,4.0,18.08639198225211,10,0.1366987786781813,0.140332029040565,-0.12734204793027715,-0.2890852393422864,-0.003633250362383683,-2.589038573178073
1909020103,284.73346719365367,2km,4.0,71.18336679841342,5,0.13316655682274314,0.1367134755031238,-0.09799294509586076,-0.22781265868439424,-0.0035469186803806507,-2.594417753866265
190804031305,877.416663515745,771m,0.594441,1476.0365848179129,2,0.12385827942969439,0.12717512110958448,-0.019915029208711132,-0.04943446966701345,-0.0033168416798900896,-2.608090050122325
190803090202,47.48527267514625,2km,4.0,11.871318168786562,11,0.12573791011550356,0.12913396596283222,-0.04505267616072928,-0.11029845387749164,-0.0033960558473286606,-2.6298703226586606
190901040504,46.374643073924695,1km,1.0,46.374643073924695,6,0.11344349253180784,0.1165089371193512,0.06571906778587078,0.17650263919633868,-0.0030654445875433617,-2.631081068401761
190803090401,147.74141075445667,2km,4.0,36.93535268861417,7,0.11433316913280885,0.11743850992726496,0.05313351498637786,0.14168937329700765,-0.00310534079445611,-2.6442270055873407
190804020408,173.23370646862531,2km,4.0,43.30842661715633,7,0.14857526497831605,0.15267494001998846,-0.2764209183397668,-0.5809432790131951,-0.004099675041672413,-2.685231146077854
190902010602,104.74890179004704,2km,4.0,26.18722544751176,8,0.12079918883269035,0.1241600363844875,-0.028479154433348697,-0.07223980636751864,-0.0033608475517971498,-2.70686740247851
190804041707,94.79446050413878,2km,4.0,23.698615126034696,9,0.1308223403888438,0.13447757949632416,-0.12589881869542552,-0.29710635680336406,-0.0036552391074803625,-2.718102988744139
190901040204,121.54557965291484,2km,4.0,30.38639491322871,8,0.10573447862677285,0.10870052553287562,0.10430379746835428,0.2980108499095836,-0.002966046906102776,-2.728640815269765
1908040411,494.7137914402431,2km,4.0,123.67844786006077,4,0.09735906692873599,0.10015029948084508,0.16534286798304265,0.5079077691279045,-0.002791232552109099,-2.7870436399872722
1908031116,433.7491304938217,12km,144.0,3.0121467395404284,14,0.055978007772067864,0.05758331682569805,0.5591084191965514,2.7440904009646694,-0.0016053090536301828,-2.78780233950291
190804040201,139.49245648147127,2km,4.0,34.873114120367816,7,0.09735936400930749,0.10016814077129547,0.16032295271049435,0.49241015285969353,-0.0028087767619879855,-2.804061990529506
190804032302,122.72057781652472,2km,4.0,30.68014445413118,8,0.08316728770618266,0.08557847452003,0.29275541317689147,1.0313876344985338,-0.0024111868138473463,-2.8175155345670455
190901040201,130.2000970451347,2km,4.0,32.550024261283674,8,0.16232620132954745,0.16705966979116074,-0.4758522727272734,-0.920464536928489,-0.004733468461613294,-2.8333998669640286
190804041201,120.9947697620597,2km,4.0,30.248692440514926,8,0.16022922903379547,0.16495130007175696,-0.4698314249363875,-0.9195477429947646,-0.004722071037961489,-2.8627061659455237
190902010108,94.01494327708583,2km,4.0,23.50373581927146,9,0.1584368723156013,0.16312568547507203,-0.45795706883789933,-0.9055648253856766,-0.004688813159470728,-2.8743561419009316
190804041802,96.0774818975542,2km,4.0,24.01937047438855,9,0.11651178246116077,0.11996281653008853,-0.04863922627080797,-0.1272537896619976,-0.003451034068927758,-2.876753121299203
1909020104,310.8328685976861,2km,4.0,77.70821714942153,5,0.14929662535021526,0.15372951524318326,-0.37270550678371706,-0.778365175545056,-0.0044328898929680005,-2.883564607587329
190804031401,161.13248633840212,12km,144.0,1.118975599572237,15,0.06651480080456167,0.06850579731868471,0.4348923045096633,1.8506055511049502,-0.0019909965141230446,-2.9063182855329055
190804041701,102.89993881954376,2km,4.0,25.72498470488594,9,0.1327827225178116,0.13679650612406594,-0.2310611589549012,-0.5368713255431127,-0.004013783606254345,-2.9341272814483235
190901040205,133.545924791328,2km,4.0,33.386481197832,8,0.12124972375396674,0.12493626427857968,-0.12225522831425195,-0.3083736434289512,-0.0036865405246129385,-2.9507369584805136
190901040407,143.33473711632666,2km,4.0,35.833684279081666,7,0.10605308300522366,0.1092830578258349,0.02837279218339006,0.08068092563997174,-0.003229974820611242,-2.9556043588740657
190901040109,147.2703732137082,2km,4.0,36.81759330342705,7,0.09233838101870309,0.09515664972157216,0.16421568627450966,0.5276005984723202,-0.0028182687028690673,-2.9617149312373923
190902010203,44.430919418475064,2km,4.0,11.107729854618766,11,0.13315121869773588,0.13724460788788076,-0.2543218894570245,-0.5891626782788212,-0.004093389190144875,-2.9825501002479364
1909020106,460.78165407355374,2km,4.0,115.19541351838843,4,0.11097545504142799,0.11439181448355754,-0.03143184225651652,-0.0858129542156648,-0.003416359442129549,-2.9865418758792486
190803090402,147.7576218204491,2km,4.0,36.93940545511227,7,0.10087493052005916,0.10398201395990539,0.07034820457018753,0.209058557415119,-0.0031070834398462255,-2.988097000164174
190901040408,62.43433777731426,1km,1.0,62.43433777731426,6,0.08831777758077552,0.09106071953670217,0.19105898938522614,0.6378599541290805,-0.002742941955926642,-3.0122120381676702
190902010301,41.476016496820186,2km,4.0,10.369004124205047,12,0.14944304655300591,0.15413804438370016,-0.4478891820580486,-0.9331024626209347,-0.004694997830694242,-3.045969507052297
1909010402,565.8951234961268,2km,4.0,141.4737808740317,4,0.1347562115800257,0.13899220476675864,-0.2972343522561829,-0.6806893563118693,-0.004235993186732928,-3.0476480273417517
190804041103,60.85755283477333,2km,4.0,15.214388208693332,10,0.10875928041927889,0.11219571929063135,-0.034259857789272985,-0.0951662716368694,-0.0034364388713524624,-3.0628965998700224
190804041803,39.89031930935242,2km,4.0,9.972579827338105,12,0.09254868499649363,0.09549646022579841,0.12688614540466503,0.40639690699003034,-0.002947775229304783,-3.0867900468089187
190804040905,53.03782992640348,2km,4.0,13.25945748160087,11,0.09078977579458565,0.0937211237139225,0.13390113267187687,0.43595717614099444,-0.0029313479193368436,-3.1277344990917824
1908040404,687.1282179534865,2km,4.0,171.7820544883716,3,0.12745234314884657,0.1315818521098114,-0.25715535002296974,-0.6189577414490736,-0.0041295089609648394,-3.138357527844011
190804040602,71.4665055055797,2km,4.0,17.866626376394926,10,0.09830869903466807,0.10151596058637773,0.04506411436284452,0.1367882054858687,-0.003207261551709653,-3.1593667962986607
190901040501,49.31083734445086,2km,4.0,12.327709336112715,11,0.1185120258534721,0.12239003441741891,-0.17343234323432455,-0.44565056077342496,-0.003878008563946808,-3.168565629061445
190804041502,72.19312876733613,2km,4.0,18.048282191834033,10,0.08352347380028838,0.08625770245675987,0.19986202535284292,0.6993330537208132,-0.0027342286564714935,-3.169837102770196
190804040903,110.04861915452322,2km,4.0,27.512154788630806,8,0.11590424170337639,0.1197039132887733,-0.1475872956523503,-0.38687931870033576,-0.003799671585396916,-3.174225036595588
190803090101,59.91788669985944,2km,4.0,14.97947167496486,10,0.0811332348856473,0.08382296996296718,0.2157379080664512,0.7737435521370614,-0.0026897350773198714,-3.2088281750314875
190804041804,114.65911641663493,2km,4.0,28.664779104158733,8,0.08320297226905247,0.08598176610746337,0.18753344034242758,0.658012071376939,-0.002778793838410898,-3.2318408474395057
190804040607,126.74621153788917,2km,4.0,31.68655288447229,8,0.08408837690087788,0.08691381777619822,0.1730220492866401,0.601467146998749,-0.0028254408753203425,-3.250853486376367
190804032006,146.96928551744247,2km,4.0,36.74232137936062,7,0.1135211462618415,0.11734653114416613,-0.15180750567088808,-0.40510429884085297,-0.003825384882324631,-3.259904528089504
1908040409,696.3525867827732,2km,4.0,174.0881466956933,3,0.09922337483522051,0.10257389279657965,0.0028735632183938264,0.008643042350916608,-0.0033505179613591424,-3.266443214750319
190804040804,104.23697429187803,2km,4.0,26.059243572969507,8,0.08160327014226328,0.08437397697889573,0.1919526627218957,0.6845672707628235,-0.0027707068366324555,-3.2838405108313027
190803090103,128.00682105464585,2km,4.0,32.001705263661464,8,0.10141206943862964,0.10486708721791774,-0.029905269023593917,-0.08820773927035312,-0.003455017779288097,-3.2946636270238354
190804040501,91.05031962429894,2km,4.0,22.762579906074734,9,0.08692756152626398,0.08989305436019003,0.12921534193581152,0.43625758531383313,-0.0029654928339260533,-3.2989120850691096
1909020401,548.0946553539294,2km,4.0,137.02366383848235,4,0.08580274697088937,0.08874662087106118,0.1368811163342798,0.46731387487371956,-0.0029438739001718117,-3.317167314402796
1908040320,902.4394048195522,2km,4.0,225.60985120488806,3,0.11673228916865323,0.12075134574983346,-0.21144476399932444,-0.5499524564044398,-0.004019056581180222,-3.3283741528700643
1909010403,399.7276070048247,1km,1.0,399.7276070048247,2,0.0836092861179168,0.08651746163314955,0.14998163836044753,0.5234364439447398,-0.0029081755152327443,-3.361374062919183
190804041103,60.85755283477333,12km,144.0,0.4226218946859259,16,0.021610707089942404,0.02236924038296434,0.8466101016028453,8.219515397333629,-0.0007585332930219353,-3.3909658085645535
190803110502,151.92224787901642,2km,4.0,37.980561969754106,7,0.08544022256888184,0.08844632580844497,0.11955399826162605,0.4093596077439347,-0.0030061032395631293,-3.3987881487283924
19080404,10440.947004588248,2km,4.0,2610.236751147062,2,0.09142621741484952,0.09466082769520853,0.046297933654255274,0.1494294349140631,-0.0032346102803590127,-3.417052606780386
190804041401,49.587665554959976,2km,4.0,12.396916388739994,11,0.09411580425025017,0.09746597416866078,0.009695550351288773,0.030502855037762434,-0.0033501699184106115,-3.437271260033048
190804032306,162.22329379111406,12km,144.0,1.126550651327181,15,0.09011365631732537,0.09332167433206101,0.05563371953829943,0.18180953870833685,-0.0032080180147356363,-3.437591575265501
1908040417,924.9804447426393,2km,4.0,231.24511118565982,3,0.10266115060486218,0.10632017805992129,-0.08991789819376095,-0.2620064353297229,-0.0036590274550591106,-3.441517425786203
1908040402,601.8851576204796,2km,4.0,150.4712894051199,4,0.09364741941441244,0.0969881543976147,0.013011425063428561,0.041111638095369586,-0.0033407349832022537,-3.4444773219485194
190901040107,134.62365027037484,2km,4.0,33.65591256759371,8,0.11465325902543068,0.11874920758642335,-0.23070776255707415,-0.609129406091285,-0.004095948560992671,-3.449242857483255
190803110604,107.74129884614561,2km,4.0,26.935324711536403,8,0.0795068196237996,0.08236174400121636,0.17061669673609714,0.6212311454630325,-0.0028549243774167593,-3.4663233665554682
190803090603,106.5666019774261,2km,4.0,26.641650494356526,8,0.12029552940198472,0.12462307487376287,-0.3043954627481327,-0.7695390912171893,-0.004327545471778146,-3.4725073796820856
1908030904,703.9907607978083,2km,4.0,175.99769019945208,3,0.08970644054206321,0.0929418484747862,0.048333231036959745,0.15851467240557413,-0.0032354079327229918,-3.4811099475826666
190901040302,69.9218009669923,1km,1.0,69.9218009669923,5,0.09731997646624488,0.10083633957792523,-0.04207073588134591,-0.1284602622331173,-0.003516363111680354,-3.4871982922019367
190804040902,145.41129399628332,2km,4.0,36.35282349907083,7,0.11625398999779414,0.12047380976952654,-0.2682550316022514,-0.699155775095031,-0.0042198197717324,-3.502686417741053
190804040102,112.66322311732908,2km,4.0,28.16580577933227,8,0.10344315130855447,0.1072025853509803,-0.11967418546365849,-0.34616499927504524,-0.0037594340424258327,-3.50685016608273
190804041401,49.587665554959976,12km,144.0,0.34435878857611096,16,0.021247376827837065,0.02201971967387816,0.8431372923009537,8.266052039874477,-0.0007723428460410971,-3.507505351929262
190902010104,51.02458421940413,2km,4.0,12.756146054851033,11,0.16581628065445253,0.17190527931895846,-0.8682727079344872,-1.635678570677213,-0.006088998664505935,-3.542066124221941
190901040303,81.45888256410515,1km,1.0,81.45888256410515,5,0.0981071027490894,0.10171013801736416,-0.06790425012213319,-0.20577045491555512,-0.003603035268274754,-3.5424544086840553
190902010401,85.66191688301038,1km,1.0,85.66191688301038,5,0.09310212217909376,0.09652902727057332,-0.010924759333498457,-0.03466235697451918,-0.003426905091479554,-3.5501291045582093
190803110601,52.55999121843443,2km,4.0,13.139997804608608,11,0.08149411150897828,0.0845030302868744,0.12394218883711972,0.441437932844536,-0.003008918777896122,-3.5607229322798473
1908040418,321.26147808008744,2km,4.0,80.31536952002186,5,0.09873587968155442,0.10238229066308642,-0.08114192742820592,-0.24446003628428203,-0.0036464109815319973,-3.5615641708304717
190804041709,98.10036384213328,2km,4.0,24.52509096053332,9,0.11714341178560854,0.1214714258015985,-0.3003808073114982,-0.7771045761292491,-0.004328014015989964,-3.562989392302836
1908040412,240.90716167462978,2km,4.0,60.226790418657444,6,0.12834912746513838,0.1331076412650004,-0.43829846217821,-1.0439890701862895,-0.00475851379986203,-3.5749366111810463
190804041710,119.78574066650103,2km,4.0,29.946435166625257,8,0.08504366622162855,0.08822867638030633,0.06888937955398688,0.23638512592054325,-0.0031850101586777813,-3.609948929698227
1909010405,990.1794706754611,2km,4.0,247.54486766886527,3,0.11505174611960016,0.11936932260796068,-0.2946415770609363,-0.7743044517443276,-0.004317576488360522,-3.6169900222526565
1908040413,811.542172201825,2km,4.0,202.88554305045625,3,0.07320117519681209,0.07595878400801678,0.20675865145624783,0.8066315719463485,-0.0027576088112046954,-3.630401469978316
1908040319,391.203199816315,12km,144.0,2.716688887613299,15,0.0874897958385451,0.0907876575243775,0.033382236256318976,0.11173970295002167,-0.00329786168583239,-3.632500028923951
190804041506,159.42726150482463,2km,4.0,39.85681537620616,7,0.11610913417901271,0.12049680446530123,-0.3160876132930497,-0.8236810769851457,-0.004387670286288517,-3.6413167185292528
190902010102,45.75426146610412,1km,1.0,45.75426146610412,7,0.08467116687817869,0.08788132793233061,0.06218379887185321,0.21410589431925506,-0.003210161054151922,-3.6528363074164902
190804031502,81.64960652116685,2km,4.0,20.41240163029171,9,0.07960222532865326,0.08264544479324198,0.11661855220872397,0.42336768128579655,-0.0030432194645887284,-3.682259164073827
190804040401,117.59745550140708,1km,1.0,117.59745550140708,4,0.08024531491843533,0.08331594036002256,0.10793109314423077,0.38911912590953956,-0.0030706254415872325,-3.6855197556656387
1908031106,616.1437863149606,2km,4.0,154.03594657874015,3,0.07886508744063289,0.0818887102595652,0.12319548872180519,0.4507875369695327,-0.0030236228189323144,-3.692356137186973
1908030906,814.6647013102379,2km,4.0,203.66617532755947,3,0.0970505867758243,0.10077240310674677,-0.10049781383343515,-0.3070350497146677,-0.0037218163309224728,-3.693289250014218
1908040406,837.78918502289,2km,4.0,209.4472962557225,3,0.10167653277352398,0.10557680164309392,-0.15764287667487054,-0.4622107007322691,-0.0039002688695699422,-3.694247987124044
1908031116,433.7491304938217,2km,4.0,108.43728262345543,4,0.08016491994156104,0.08327218929525824,0.09755282021274425,0.3518615950757486,-0.0031072693536972062,-3.731461103634203
190804032009,145.5632186633326,2km,4.0,36.39080466583315,7,0.07940146039624696,0.08248657234970763,0.10489705063995558,0.3814438205089294,-0.003085111953460673,-3.7401383832281496
190804041301,72.23538594473881,2km,4.0,18.058846486184702,10,0.07790755191147683,0.08094457510363892,0.1206218213223309,0.44577629619122294,-0.0030370231921620916,-3.7519786696929116
190804041102,115.86246707083868,2km,4.0,28.96561676770967,8,0.08832622060287518,0.09180708903705626,-0.020078180525942457,-0.0665575045058866,-0.003480868434181078,-3.7915028901265884
190804040203,87.63648154896505,12km,144.0,0.6085866774233684,16,0.05312988387533925,0.055224060372557615,0.42298854082480375,2.1471499742140474,-0.002094176497218367,-3.792145095978893
190902010504,133.5103214028243,1km,1.0,133.5103214028243,4,0.08249063231195057,0.08575838906279476,0.048575201945386226,0.17082236538171255,-0.003267756750844189,-3.810422264871887
1908040415,576.8319332081089,2km,4.0,144.20798330202723,4,0.09824590403424913,0.10213812092647712,-0.1508238721111823,-0.45535241734121584,-0.00389221689222799,-3.8107386908260774
190803091005,81.99811856421138,2km,4.0,20.499529641052845,9,0.1216834762973417,0.12650936991763104,-0.4488032101467567,-1.1193429231688707,-0.0048258936202893316,-3.814653114968023
190804032103,127.61156827247854,2km,4.0,31.902892068119634,8,0.0562620122103573,0.05849683337602056,0.3786266924564785,1.8347548973661956,-0.002234821165663259,-3.8204139210369163
190901040703,124.31373659540185,2km,4.0,31.078434148850462,8,0.08311166803294154,0.08641866532718283,0.03653081510934442,0.12761856806757874,-0.00330699729424129,-3.8267164642278737
190804032002,157.679440171849,1km,1.0,157.679440171849,3,0.0810283261447322,0.08425643160920815,0.061844356652063226,0.22082246973786504,-0.0032281054644759527,-3.8312867075219956
190901040201,130.2000970451347,1km,1.0,130.2000970451347,4,0.08218427458942829,0.08546148917405698,0.04627246541886265,0.1632119808796717,-0.003277214584628693,-3.834726748037451
190804032301,75.0246742753352,2km,4.0,18.7561685688338,10,0.08161391489966427,0.0848696590027229,0.053166012070118285,0.18865359121654873,-0.003255744103058636,-3.8361696527544438
190803090209,98.43016921508287,2km,4.0,24.607542303770717,9,0.06463974042189152,0.06723481777040989,0.2645283358861157,1.1433444773073762,-0.002595077348518368,-3.859722439316946
1908040416,248.34717486560027,2km,4.0,62.08679371640007,6,0.07980084985387498,0.0830136253766708,0.06784592517808008,0.2453670083937454,-0.0032127755227958216,-3.8701785498681565
1909020106,460.78165407355374,12km,144.0,3.199872597733012,14,0.0418266346046232,0.04351516328404183,0.5539242403451787,3.3879157640446835,-0.0016885286794186272,-3.880322517456474
190804040605,88.43316563027876,2km,4.0,22.10829140756969,9,0.09471384660915401,0.09854781985558517,-0.12951117428729475,-0.4035214629129362,-0.0038339732464311577,-3.8904698775168978
190803091003,127.27547151359298,2km,4.0,31.818867878398244,8,0.07867244573879378,0.08186645732817033,0.07469958796158238,0.27339872807662974,-0.003194011589376544,-3.901489930818689
1908030904,703.9907607978083,12km,144.0,4.888824727762557,14,0.05060959645515489,0.05267756330140973,0.43380442595083224,2.2866196953972437,-0.0020679668462548345,-3.9257071068803455
190804040301,77.30864421083555,2km,4.0,19.327161052708888,10,0.08224424730103887,0.08563224673168779,0.014497192445126927,0.051046452271573686,-0.003387999430648922,-3.95645280832648
190901040406,97.58071370580119,2km,4.0,24.395178426450297,9,0.12467449768570547,0.12981149582972024,-0.5417491254372777,-1.3200514752370316,-0.005136998144014762,-3.957275209857532
190804040305,47.2451143176503,2km,4.0,11.811278579412575,11,0.07519621231398345,0.07831922594622964,0.0995879120879124,0.3785505430242284,-0.0031230136322461938,-3.987544047473491
1909020104,310.8328685976861,1km,1.0,310.8328685976861,3,0.07301885560286035,0.07605974213389946,0.1259508270833578,0.49082132412529633,-0.003040886531039108,-3.998023718888996
1908030910,1081.1615233707378,2km,4.0,270.29038084268444,3,0.08758828238139174,0.09123745413803702,-0.06725971905195749,-0.22417149013750437,-0.003649171756645281,-3.9996422424548297
190901040203,98.39761099693776,2km,4.0,24.59940274923444,9,0.14017131455946172,0.14602919486570684,-0.7683950617283912,-1.6821257918747619,-0.005857880306245122,-4.0114446372399835
190804040906,143.63201046601918,2km,4.0,35.908002616504795,7,0.08694252791022788,0.09058070526240511,-0.06326422115895625,-0.21218361906799096,-0.0036381773521772243,-4.016503671104915
190804040703,144.2087980862068,2km,4.0,36.0521995215517,7,0.0716013382517785,0.07459877022071834,0.1402491767455274,0.555590957128963,-0.00299743196893984,-4.0180715581117745
190804040302,57.527557424314665,2km,4.0,14.381889356078666,11,0.07681962837461916,0.08003993671927863,0.06961451247165584,0.25975564355095465,-0.0032203083446594727,-4.023376924889323
190804040304,126.90492388503431,2km,4.0,31.726230971258577,8,0.0662332645587244,0.06901316415448795,0.20955202357440683,0.8862363889231395,-0.002779899595763552,-4.028071498852983
190803111601,50.740128430280855,2km,4.0,12.685032107570214,11,0.09399751197081734,0.09794608320131953,-0.16135566424583914,-0.5054514783604599,-0.003948571230502199,-4.031372262621527
190901040708,107.51106096736525,2km,4.0,26.877765241841313,8,0.0709010605642086,0.07388301848446276,0.14559809456598316,0.5814977663157546,-0.002981957920254158,-4.036053184374498
190803090201,125.90515664607327,2km,4.0,31.476289161518316,8,0.11949767196008397,0.1245381222477063,-0.5073125305324879,-1.2833202353391,-0.005040450287622331,-4.047315148687464
190804040402,147.24518491469073,1km,1.0,147.24518491469073,4,0.07741832611196746,0.0806926815137734,0.053363276355824496,0.19773876637373006,-0.0032743554018059423,-4.057809630786707
190901040401,141.835215549781,1km,1.0,141.835215549781,4,0.07515556953358196,0.07835141353771494,0.07880411302168966,0.29944297696226735,-0.003195844004132975,-4.078859410232128
190804040404,120.67658652772364,2km,4.0,30.16914663193091,8,0.09515845340943696,0.09922967793121493,-0.19797564186964678,-0.6131113784174875,-0.004071224521777966,-4.102829523038562
190902010101,134.41527119422858,1km,1.0,134.41527119422858,4,0.08144768732464151,0.08493320798013665,-0.012355924389119366,-0.04381533471318924,-0.0034855206554951362,-4.1038372838928865
190803110606,70.23530866456733,2km,4.0,17.558827166141832,10,0.07608080890322896,0.07934089796772748,0.05920537213206245,0.2225765869626408,-0.0032600890644985114,-4.1089641635069185
190803110602,138.05664269324924,2km,4.0,34.51416067331231,7,0.0835109688722604,0.08709387321220383,-0.042933715438092435,-0.14898134694606208,-0.0035829043399434324,-4.1138420049521764
190804041309,49.98766066837365,2km,4.0,12.496915167093412,11,0.07210308143164398,0.07520491868771653,0.10971769815417787,0.43167618945906044,-0.0031018372560725482,-4.124513808668184
1908040315,466.1206107369709,2km,4.0,116.53015268424272,4,0.0837671118854364,0.08737088157528937,-0.049240568348849933,-0.17039770768457385,-0.003603769689852973,-4.124680471201985
190803111602,156.0621102843158,2km,4.0,39.01552757107895,7,0.08583004311390718,0.08952419221329687,-0.07781392503614626,-0.263655240507089,-0.0036941490993896847,-4.1264255036092905
190803090307,135.10722368963783,2km,4.0,33.77680592240946,8,0.06941095131936192,0.07241219034205876,0.1420428636570925,0.5769961008770783,-0.0030012390226968333,-4.144659909498196
190804041503,89.39276287708302,2km,4.0,22.348190719270754,9,0.11178690503926657,0.1166441477095932,-0.4447468698965693,-1.1932233094786007,-0.004857242670326625,-4.164154623873299
1908040407,420.3674407434667,2km,4.0,105.09186018586668,4,0.07598152938646137,0.07930169953306106,0.04214641197049929,0.15851198878184264,-0.003320170146599688,-4.1867578704482895
190804041602,70.6885995804864,2km,4.0,17.6721498951216,10,0.07990212000138472,0.08341177069734886,-0.017225479217444217,-0.06204092091028637,-0.0035096506959641366,-4.207620419303348
190901040305,123.95715527106806,2km,4.0,30.989288817767015,8,0.13882477802564397,0.14492344265870777,-0.8355129191366188,-1.8418120461929472,-0.0060986646330637995,-4.2081974601073
190804031602,99.47284325541096,2km,4.0,24.86821081385274,9,0.054321555081353806,0.05670951838625911,0.33736559139784816,1.6763507647098046,-0.0023879633049053023,-4.210868603468714
190803111501,62.058853526267434,2km,4.0,15.514713381566859,10,0.08245535683637144,0.08608456592386796,-0.05479247536578313,-0.19205609922027075,-0.0036292090874965183,-4.21586500268369
190901040706,42.117223867055415,2km,4.0,10.529305966763854,12,0.0753681764202173,0.07870011244547226,0.03958738388420713,0.14985760460898598,-0.0033319360252549585,-4.233711899158347
190803110501,53.33438391879704,2km,4.0,13.33359597969926,11,0.07971136127725013,0.0832355424406553,-0.021131680055887614,-0.07624833009856355,-0.0035241811634051656,-4.233985939261238
190804040808,164.28056975259872,2km,4.0,41.07014243814968,7,0.05993092120120683,0.06258101765614754,0.25498456162186756,1.1693922848430167,-0.0026500964549407147,-4.234665005771741
190902010106,86.12927309085659,1km,1.0,86.12927309085659,5,0.07556563485444646,0.07891009501619015,0.03574425058623376,0.13500243963180075,-0.0033444601617436814,-4.23831724072502
190901040501,49.31083734445086,1km,1.0,49.31083734445086,6,0.06117084814740108,0.06387980558047858,0.23651206425491367,1.0665000244916532,-0.0027089574330775024,-4.240710203265474
190804032402,120.37586761790271,2km,4.0,30.09396690447568,8,0.06477210253930675,0.06766018592567928,0.18052299666523552,0.7761737720696673,-0.002888083386372531,-4.268512341282833
190804032007,48.18737518566735,2km,4.0,12.046843796416837,11,0.07422493886578331,0.07753504785955367,0.0473369442563758,0.18148349235671235,-0.0033101089937703637,-4.269177726911663
1908040403,549.6420214609652,2km,4.0,137.4105053652413,4,0.07197251043686018,0.07518778538498243,0.07743421400963868,0.30471797179718924,-0.0032152749481222515,-4.276326176730897
190804041704,66.77752816100501,2km,4.0,16.694382040251252,10,0.08526364271706784,0.08908860500324624,-0.11449503909586767,-0.3895861443715724,-0.0038249622861784016,-4.293436052836416
190804040203,87.63648154896505,2km,4.0,21.909120387241263,9,0.07600914447178102,0.07942827781167137,0.013795986622074707,0.051815912195585755,-0.0034191333398903567,-4.3046801895885265
190804040806,99.03196678647515,2km,4.0,24.757991696618788,9,0.07406001909273503,0.07739574665906342,0.04022434868237923,0.1544507545400204,-0.0033357275663283836,-4.3099623820707125
190804040303,97.6004764660119,2km,4.0,24.400119116502974,9,0.07604084464893196,0.07946799592255496,0.011460275592341418,0.0430249254319985,-0.0034271512736230025,-4.312618223017617
190804040508,102.3067874745153,2km,4.0,25.576696868628826,9,0.09048736868804384,0.09458531997270823,-0.19947443860487013,-0.64426526754368,-0.004097951284664392,-4.3325447181939225
1908031115,403.00361169571363,2km,4.0,100.75090292392841,4,0.07819797012604145,0.08174254595572993,-0.024974866717439426,-0.09152618064083388,-0.003544575829688479,-4.336267959659769
190803111805,57.01469490290309,2km,4.0,14.253673725725772,11,0.07825606199141896,0.08181441970398537,-0.028994420770548146,-0.10617675211750026,-0.0035583577125664068,-4.349303857976359
190902040105,133.35230277465968,2km,4.0,33.33807569366492,8,0.07750872385963163,0.08105672035789847,-0.02504638218923816,-0.0924530886179932,-0.003547996498266842,-4.377177466101504
190901040304,72.34556792900844,1km,1.0,72.34556792900844,5,0.06597807365537423,0.06900511071264981,0.13918009701142253,0.5886771474803371,-0.0030270370572755834,-4.386685313615005
190901040702,59.03629784625412,2km,4.0,14.75907446156353,11,0.07217039597743981,0.07549618483419616,0.045554942020981315,0.17864683145482868,-0.0033257888567563565,-4.405240958944369
1908031105,733.1559730102341,2km,4.0,183.28899325255853,3,0.07541270952627147,0.07889842131116052,-0.004467576705049936,-0.01687571670784384,-0.003485711784889059,-4.417974056973926
190803091007,146.54282118891018,2km,4.0,36.635705297227545,7,0.07883140658403288,0.08248657234970763,-0.05744914788345312,-0.2089059923034659,-0.0036551657656747477,-4.431225181934358
190804032503,97.28786178419138,2km,4.0,24.321965446047844,9,0.0489073905535294,0.05117546160314587,0.3787935634483901,2.0429315781486204,-0.002268071049616474,-4.43195034996431
190803090208,85.21631971658624,2km,4.0,21.30407992914656,9,0.07540660824041641,0.07890815969295771,-0.008991388911525178,-0.033960281860077116,-0.0035015514525413016,-4.437502364985206
190804041601,67.16707480898071,2km,4.0,16.79176870224518,10,0.0848712858385998,0.0888216110356399,-0.14984586024662505,-0.5112012289863541,-0.003950325197040097,-4.447482038414073
190901040202,84.9168267929783,1km,1.0,84.9168267929783,5,0.07609881167505314,0.07964409549852074,-0.022414588325290197,-0.08399145963878493,-0.003545283823467596,-4.451408232181435
190804031904,108.43754103220601,12km,144.0,0.7530384793903195,16,0.08883328201184129,0.09297215362297483,-0.20900498521271516,-0.6852622465990661,-0.004138871611133535,-4.451732534794974
190902010402,94.90052779339773,1km,1.0,94.90052779339773,4,0.07520371852164366,0.07873109820573605,-0.016113994684332056,-0.06097888487629683,-0.003527379684092391,-4.480287668380827
190804041302,56.19565855329652,2km,4.0,14.04891463832413,11,0.08065845226842602,0.08445261883844524,-0.09962296983758634,-0.35500390142569743,-0.003794166570019214,-4.492657092466624
190803090104,128.19299809975738,2km,4.0,32.048249524939344,8,0.0821690449873023,0.08603814020033039,-0.1230487823781985,-0.43150591105476854,-0.0038690952130280842,-4.4969535650344366
190803110603,79.0013182120224,2km,4.0,19.7503295530056,9,0.08656007872678478,0.09064202445113767,-0.18972616841671552,-0.6359536371510018,-0.004081945724352887,-4.503369986571006
190803090204,139.24253554964037,2km,4.0,34.81063388741009,7,0.0818707768955288,0.0857321094104808,-0.1204352485368041,-0.4236415777676526,-0.0038613325149520067,-4.50395136840055
190902010107,121.13737570722941,1km,1.0,121.13737570722941,4,0.07398274856449356,0.07747486890366946,-0.004419044381652526,-0.01695321401965617,-0.003492120339175897,-4.507423360106517
190803091004,91.39594732018793,2km,4.0,22.848986830046982,9,0.07932480784210753,0.08306910464266692,-0.08359957401491158,-0.3021671349936563,-0.0037442968005593907,-4.507448126070449
190804032304,141.0201377797154,12km,144.0,0.9793065123591348,16,0.08243888346849508,0.08633128681654954,-0.13007255913554872,-0.4547991517504462,-0.003892403348054463,-4.508682184160722
190803090102,66.01215693917095,2km,4.0,16.503039234792737,10,0.08730390848042796,0.09143015637690613,-0.20338034083353662,-0.6766077875088303,-0.004126247896478169,-4.513005402143659
190803111806,113.80122009881246,2km,4.0,28.450305024703116,8,0.07813048532787095,0.08183122352012843,-0.06956521739130395,-0.2547010247736529,-0.003700738192257483,-4.52240359249571
1908040212,537.7462340696507,2km,4.0,134.43655851741266,4,0.0912051005999037,0.0955805071735388,-0.27980104073111534,-0.8954702521607226,-0.00437540657363511,-4.577718515022097
1908040414,287.19498662957733,2km,4.0,71.79874665739433,5,0.0850804500371243,0.08916574398267921,-0.1887366818873666,-0.641722299849919,-0.004085293945554902,-4.581685480411049
190902010201,146.87597506048013,1km,1.0,146.87597506048013,4,0.08680825562822178,0.09098515991137396,-0.2172211350293516,-0.7257273618829596,-0.004176904283152177,-4.5907533571637185
1908040408,778.1692042507433,2km,4.0,194.54230106268582,3,0.06652208799929588,0.0697282096432884,0.08722669938477168,0.36573436848274893,-0.0032061216439925183,-4.5980266242231265
190804041201,120.9947697620597,1km,1.0,120.9947697620597,4,0.06764695259725227,0.07092447139905167,0.06531895223420747,0.2700022827141513,-0.003277518801799398,-4.621139554722465
190902010304,105.50719612562482,2km,4.0,26.376799031406204,8,0.1132914293660514,0.11879775194416994,-0.6324334898278536,-1.6691792986658893,-0.005506322578118547,-4.635039374066853
190803110503,133.26223963474115,2km,4.0,33.31555990868529,8,0.07719470349185145,0.08096447184229788,-0.08808359668475418,-0.32545786617728,-0.0037697683504464286,-4.6560772455715655
190803110504,133.93543786679882,2km,4.0,33.483859466699705,8,0.07057866455283439,0.07404817599169737,0.006529862977775025,0.026030205492269462,-0.003469511438862982,-4.685478598759813
190803111807,188.09857861377546,2km,4.0,47.024644653443865,6,0.07206376330464512,0.07560773357114582,-0.016727977729171783,-0.06551791277258949,-0.003543970266500704,-4.687311864950796
190901040705,108.54770706935948,2km,4.0,27.13692676733987,8,0.09143027373938258,0.09592962526415276,-0.3155589453039873,-1.006691113853211,-0.004499351524770184,-4.6902627966915595
190901040406,97.58071370580119,1km,1.0,97.58071370580119,4,0.0622752444497886,0.06534600094172371,0.13154519025610512,0.5821624423493252,-0.0030707564919351116,-4.699226345424942
190901040707,167.52253363979872,2km,4.0,41.88063340994968,7,0.07167650465459395,0.07521169231903001,-0.013705515716104344,-0.05391922925823301,-0.003535187664436057,-4.700316606945416
190804041706,126.84376598161444,2km,4.0,31.71094149540361,8,0.08437689216972526,0.08854490819648424,-0.21147806378500889,-0.7234141292531661,-0.0041680160267589805,-4.707234003235971
1909010412,873.3511642610327,2km,4.0,218.3377910652582,3,0.07537104398451282,0.07909704724044218,-0.07316185106882855,-0.27576784677065463,-0.0037260032559293665,-4.7106730098317335
190803090308,111.45513754242657,2km,4.0,27.863784385606643,8,0.061559814973399254,0.06460731197349562,0.13914152146196557,0.6215944257751039,-0.0030474970000963636,-4.716953711596241
190901040511,135.13944951836115,2km,4.0,33.78486237959029,8,0.07137113391867571,0.07491365254123687,-0.01540103690149408,-0.06079356671642401,-0.003542518622561164,-4.728802431053744
190804040306,146.86896311934072,12km,144.0,1.0199233549954216,15,0.05594086320376046,0.05871925746358987,0.22352921728994346,1.0798512514557113,-0.0027783942598294115,-4.731657687517956
190804040801,96.9808672846913,2km,4.0,24.245216821172825,9,0.07000054819592129,0.0734797268970294,0.004524886877828038,0.018155410312272992,-0.0034791787011081154,-4.734882460823041
1908031118,720.1656135483339,2km,4.0,180.04140338708348,3,0.07341088504251006,0.07707094246131688,-0.05171438004055773,-0.19928048205338783,-0.003660057418806817,-4.74894597356696
190901040701,151.62620329633435,2km,4.0,37.90655082408359,7,0.077769195181711,0.08165876330181812,-0.12311529622779105,-0.45158120237992855,-0.0038895681201071147,-4.76319743630077
190804040701,79.14016608642113,2km,4.0,19.785041521605283,9,0.08137871016169433,0.08545748704380002,-0.18200000000000216,-0.6419753086419829,-0.004078776882105686,-4.772872481044484
1908030902,960.2419799130994,2km,4.0,240.06049497827485,3,0.07808170506303365,0.08200194464380033,-0.13230193589116723,-0.48353594505678443,-0.003920239580766677,-4.780666602231685
190901041201,160.24840811909334,2km,4.0,40.062102029773335,7,0.07459954956029227,0.07835201388016731,-0.07971713668063174,-0.30291034327209465,-0.00375246431987504,-4.789237869002465
1909010401,981.867334297001,1km,1.0,981.867334297001,2,0.06847907338377603,0.07193851314920782,0.012174850994263409,0.04972955241732258,-0.003459439765431796,-4.808884162307559
190804040507,65.16659687011388,2km,4.0,16.29164921752847,10,0.07685080493736482,0.08073897547082977,-0.12150668286755817,-0.4500247513613265,-0.003888170533464949,-4.815729343592809
190804031905,85.44891373096698,12km,144.0,0.5933952342428263,16,0.09013674470602107,0.0947197505018527,-0.3377905335537221,-1.0896468824313617,-0.004583005795831638,-4.838490147566421
1909020105,1008.630021912423,1km,1.0,1008.630021912423,2,0.06759244683135977,0.07103240187927144,0.018916515927276834,0.0780935882674811,-0.003439955047911669,-4.8427970291055455
1909010409,610.3584629911526,2km,4.0,152.58961574778814,3,0.06953981764053284,0.0730861002495999,-0.014067624643118393,-0.056700383835540415,-0.0035462826090670585,-4.852198430284249
1909010407,931.610660249447,2km,4.0,232.90266506236176,3,0.07601483801775184,0.07990607823493905,-0.12128467035407198,-0.453202377694497,-0.003891240217187203,-4.869767485955471
1908040405,981.7315684650991,2km,4.0,245.4328921162748,3,0.07656293879143847,0.08048529205292813,-0.13090772693173136,-0.4861502886952587,-0.003922353261489667,-4.873378926065495
190804041001,91.14362146233404,2km,4.0,22.78590536558351,9,0.07680178659227568,0.08073897547082977,-0.13546666666666596,-0.5017283950617257,-0.003937188878554085,-4.876441465344769
190804041504,110.9021628413883,2km,4.0,27.725540710347076,8,0.0717498290016774,0.07543145902386736,-0.055700231481480955,-0.21859102470930028,-0.0036816300221899634,-4.880762045216511
190804031402,127.37049541515616,12km,144.0,0.8845173292719177,16,0.08576344762128499,0.09017600128339145,-0.28326697178570726,-0.9537608232629282,-0.0044125536621064665,-4.893268274603752
190803110506,144.66794967474343,2km,4.0,36.166987418685856,7,0.06977549874087313,0.07338067282292296,-0.031227092801643153,-0.12543652499602956,-0.003605174082049828,-4.9129749610630835
190803091001,154.52648525715375,2km,4.0,38.63162131428844,7,0.11059957138599118,0.11631825551772787,-0.6896487219572194,-1.8549172521607968,-0.005718684131736693,-4.916411535130973
190804040405,154.36209493613,2km,4.0,38.5905237340325,7,0.07211770246238884,0.0758640999665915,-0.07471485502267328,-0.2917949117021156,-0.0037463975042026643,-4.93830086411422
190803090210,115.75803006481328,2km,4.0,28.93950751620332,8,0.057276256404940315,0.06026712631826048,0.16098081023454114,0.7613957240822892,-0.0029908699133201627,-4.962688775844207
190901040203,98.39761099693776,1km,1.0,98.39761099693776,4,0.07080976842681566,0.07452529767926402,-0.06416176882171598,-0.2543858675750854,-0.003715529252448363,-4.985594647926075
190803090301,97.96657429938945,2km,4.0,24.491643574847362,9,0.07032649490215041,0.07401744901360721,-0.056494576673948416,-0.22528512170592926,-0.0036909541114567984,-4.986599998573663
190902010205,127.90019758246228,1km,1.0,127.90019758246228,4,0.07079536410516975,0.07452233313833292,-0.06741581364999405,-0.26729635557352366,-0.003726969033163177,-5.001143786312955
190901040904,86.11642971894457,2km,4.0,21.529107429736143,9,0.06731673810953773,0.07086125398152009,-0.010636207320068536,-0.04399869934560725,-0.0035445158719823594,-5.002050729876632
190804040606,52.13510201191759,2km,4.0,13.033775502979397,11,0.07060129227273251,0.0743311202482776,-0.0679783468665427,-0.27011263655579876,-0.0037298279755450803,-5.017855190513569
1909020101,972.5603686083822,1km,1.0,972.5603686083822,2,0.06757474382418764,0.07114793295083752,-0.01917940940066032,-0.07907099944366851,-0.0035731891266498755,-5.022196680146579
190902010108,94.01494327708583,1km,1.0,94.01494327708583,4,0.07203365996886414,0.07586026751729573,-0.09755291005291156,-0.38100404251747394,-0.0038266075484315876,-5.044284279064982
1909010402,565.8951234961268,1km,1.0,565.8951234961268,2,0.06838626936572414,0.07203186734638528,-0.040964203951624256,-0.1671405668729767,-0.003645597980661136,-5.061090479759831
190804032301,75.0246742753352,12km,144.0,0.5210046824676056,16,0.07698404439658381,0.08108849617991595,-0.18356166473806823,-0.6773493068420136,-0.004104451783332144,-5.061694292893716
190902010104,51.02458421940413,1km,1.0,51.02458421940413,6,0.0728318986523511,0.07672322094064232,-0.11711887565879309,-0.45305244082002266,-0.003891322288291227,-5.071896409695556
1908030901,759.6187753153374,2km,4.0,189.90469382883435,3,0.07861152443741906,0.08281424676449724,-0.21381960556844604,-0.7748841877905179,-0.004202722327078176,-5.074878407129217
190804041402,119.74674920442347,2km,4.0,29.936687301105867,8,0.0800746316515445,0.08435899757707677,-0.23910411622275873,-0.8528554463996489,-0.00428436592553226,-5.0787302464301325
1909010404,949.9157823301671,1km,1.0,949.9157823301671,2,0.06188898179042657,0.06524176716924615,0.05136308882706686,0.2276113432195929,-0.003352785378819584,-5.139016805173281
190902010303,48.2825040523327,1km,1.0,48.2825040523327,6,0.06522049521640776,0.06875545401566727,-0.005142857142857338,-0.021818181818182642,-0.0035349587992595105,-5.141350384296788
190803091002,54.076238240976025,2km,4.0,13.519059560244006,11,0.10871813742856785,0.11461546881523149,-0.7382847038019449,-2.012096677028361,-0.005897331386663637,-5.145318906447581
190804040608,123.36912467490731,2km,4.0,30.842281168726828,8,0.06906790350177974,0.07281653628658344,-0.07134034384910848,-0.28843804790744665,-0.003748632784803696,-5.148051494855829
190804040702,122.16184780143003,2km,4.0,30.540461950357507,8,0.07829516151801048,0.08254683431104826,-0.22740829888545733,-0.8264211363005342,-0.004251672793037772,-5.150618831749335
190803110605,84.99798706148262,2km,4.0,21.249496765370655,9,0.07265525504643201,0.07660829193893662,-0.13454337424589013,-0.5211187030650675,-0.003953036892504605,-5.160063998888678
190804040609,67.38612485199864,2km,4.0,16.84653121299966,10,0.09701180262743479,0.10229267031032345,-0.5465025400547034,-1.647746351923729,-0.005280867682888657,-5.162508385858129
190804040403,136.5481289719034,1km,1.0,136.5481289719034,4,0.056626708173684884,0.05971641301609308,0.13355834136933709,0.6364377864831761,-0.0030897048424081974,-5.173962544561321
190804040306,146.86896311934072,2km,4.0,36.71724077983518,7,0.06688179470664388,0.07053678828602924,-0.041672214086005965,-0.17304959833694958,-0.0036549935793853683,-5.181684151203818
190902010109,56.57772533439662,2km,4.0,14.144431333599154,11,0.1250812697445659,0.131918598352253,-1.0287612445324754,-2.470438666115721,-0.006837328607687099,-5.182990642024454
190804040803,106.03476217913072,2km,4.0,26.50869054478268,8,0.05712040603837497,0.06026712631826048,0.11659602759079135,0.5514676980645536,-0.0031467202798855093,-5.221288075472875
190803090108,146.9196605117756,2km,4.0,36.7299151279439,7,0.07269282331210987,0.07670605959649623,-0.15181629805049468,-0.5873844865048901,-0.004013236284386365,-5.231967729143632
190804041603,114.85782935174889,2km,4.0,28.714457337937223,8,0.07680727133987254,0.08105672035789847,-0.22481375079125243,-0.8298494156724083,-0.00424944901802593,-5.2425622443924205
190804031304,113.06730166843636,12km,144.0,0.785189594919697,16,0.08776201938728455,0.09262263291388866,-0.4140905640342005,-1.3621400303630011,-0.004860613526604107,-5.2477600492344285
190803091008,123.80703376688123,2km,4.0,30.951758441720308,8,0.06517719168171096,0.06878766778301985,-0.026691904204298567,-0.11319412179661499,-0.003610476101308893,-5.248725851118526
190803090302,88.6907671636102,2km,4.0,22.17269179090255,9,0.06324939538394687,0.06675820043980683,0.0049342105263150415,0.021453089244848008,-0.0035088050558599593,-5.255991073371887
1908040410,374.37673924868113,2km,4.0,93.59418481217028,4,0.06718435486718484,0.07092268661926047,-0.0659140822806954,-0.2724680621981252,-0.0037383317520756354,-5.270995685970554
1908030903,895.9671847870807,2km,4.0,223.99179619677017,3,0.06354457094350731,0.06709995271834296,-0.008780222765555123,-0.03801327924283053,-0.0035553817748356503,-5.298635290787208
190803090306,124.0721406129199,2km,4.0,31.018035153229974,8,0.06527890242884027,0.06894269653840417,-0.04208043694141139,-0.17811825160385775,-0.0036637941095638976,-5.314259948511007
190804040205,147.9313884390881,2km,4.0,36.982847109772024,7,0.08795073078357643,0.09292222228357831,-0.4460619228680045,-1.4631834395857695,-0.004971491500001882,-5.350164231791591
190804040807,58.2670246971483,2km,4.0,14.566756174287075,11,0.07707540747793065,0.08143801422238091,-0.257541899441339,-0.9468452185343346,-0.004362606744450256,-5.356966014099247
190804040503,88.11552566724225,2km,4.0,22.028881416810563,9,0.06259029395193987,0.06615034065584932,-0.008858905721076837,-0.03881044411138424,-0.0035600467039094558,-5.381751127225162
190901040704,169.39567136108846,2km,4.0,42.348917840272115,7,0.06992541864564274,0.07391502575330668,-0.141413457851165,-0.5645784438924838,-0.0039896071076639394,-5.3975589766813545
190804032401,155.69298029538996,2km,4.0,38.92324507384749,7,0.062283351722609015,0.0658427925508708,-0.008281573498962302,-0.036421579786012216,-0.0035594408282617895,-5.405968808980466
190901040402,42.20832598406575,1km,1.0,42.20832598406575,7,0.07258218845618405,0.07673228994364638,-0.19082880037433725,-0.7381113976743233,-0.004150101487462324,-5.408546376643048
190804041304,149.67920249774147,2km,4.0,37.41980062443537,7,0.05331845506665264,0.056369707882032855,0.14891395154553067,0.7435370673563251,-0.003051252815380212,-5.412929976088737
190804040805,118.26730300877894,2km,4.0,29.566825752194735,8,0.05861495978102271,0.061981435637540674,0.05175530066041034,0.23923867793718187,-0.0033664758565179614,-5.431426074421173
190804040509,159.51781898504763,2km,4.0,39.87945474626191,7,0.06436705045821979,0.06806889809896524,-0.05176767676767824,-0.2214659968670727,-0.003701847640745451,-5.438383379386194
190804032404,142.86660864158753,12km,144.0,0.9921292266776912,16,0.08889288876640487,0.09402070908368033,-0.49202875469041985,-1.5974959963582696,-0.005127820317275461,-5.453926445833968
190804031702,239.55297795105216,2km,4.0,59.88824448776304,6,0.06420099502884345,0.06790506089157043,-0.05218376951331649,-0.22369465832901914,-0.0037040658627269796,-5.454771432488021
1909020102,589.754932354271,1km,1.0,589.754932354271,2,0.06462800433723158,0.06835819623094164,-0.0602206293746228,-0.2567193244745208,-0.003730191893710058,-5.456831951954907
190804041003,164.42342072934937,2km,4.0,41.10585518233734,7,0.058629985967957834,0.0620396888668366,0.039367956883882727,0.18183813803179089,-0.0034097028988787637,-5.496002576991364
1908031106,616.1437863149606,12km,144.0,4.278776293853893,14,0.04376504073083083,0.04631131645694433,0.3059653951392498,1.784054797034173,-0.0025462757261134963,-5.498171766463972
190804041002,120.9648730627842,2km,4.0,30.24121826569605,8,0.07081342740938015,0.07495006080954683,-0.18464750127485985,-0.7285721381992004,-0.004136633400166678,-5.5191861827545985
1909010412,873.3511642610327,12km,144.0,6.064938640701616,13,0.04159662689163024,0.044039440644030516,0.3384205998606227,2.0510339517210694,-0.002442813752400276,-5.546877336943188
190804041105,145.12686902749996,2km,4.0,36.28171725687499,7,0.08582030699460252,0.0908660753330451,-0.4645090681676045,-1.553675270886499,-0.005045768338442572,-5.552972679791295
190902010204,36.92392426068578,1km,1.0,36.92392426068578,7,0.05788401830866856,0.06129135892126582,0.04102564102564088,0.19138755980861177,-0.0034073406125972594,-5.559251210230614
190803090107,86.09251675014279,2km,4.0,21.523129187535698,9,0.0623274514887716,0.06599837570985995,-0.04023581429624201,-0.17660758183465003,-0.003670924221088348,-5.562143282474638
190804032207,110.75157289910592,2km,4.0,27.68789322477648,8,0.05448016998185688,0.05769658699377346,0.10013028103480437,0.490656549535339,-0.003216417011916578,-5.574709319051557
190902010301,41.476016496820186,1km,1.0,41.476016496820186,7,0.06334345938364001,0.06709919495275862,-0.06583818400409314,-0.28504388005995973,-0.0037557355691186095,-5.597288569203916
190804031602,99.47284325541096,12km,144.0,0.6907836337181317,16,0.06234348433001986,0.066059162354911,-0.053061300394485755,-0.23272499978332475,-0.003715678024891131,-5.62477314642319
1909010405,990.1794706754611,1km,1.0,990.1794706754611,2,0.06123263841466334,0.06488564950413106,-0.0336697833870474,-0.14988162865171503,-0.0036530110894677226,-5.6299214346851025
190804032403,50.1453330033717,2km,4.0,12.536333250842924,11,0.05338567739646943,0.056590364053608344,0.10492695333293867,0.52226085369336,-0.003204686657138911,-5.662954657975154
190804040103,107.40442369568778,1km,1.0,107.40442369568778,4,0.06272114324867867,0.06648933938151794,-0.06858416945373591,-0.2991926855364318,-0.003768196132839269,-5.667368886337162
190901040107,134.62365027037484,1km,1.0,134.62365027037484,4,0.059072998637397914,0.06262519760216867,-0.0019842675926575737,-0.009094836406627218,-0.003552198964770756,-5.67215609815137
190902010103,104.93565062982054,1km,1.0,104.93565062982054,4,0.06706035517602313,0.0710935850047154,-0.15012333272428435,-0.619310852968091,-0.004033229828692267,-5.673127650581633
1908040314,286.83691676753784,12km,144.0,1.9919230331079016,15,0.07482948713900588,0.07934089930103808,-0.29716019311251074,-1.1171435671088203,-0.0045114121620321995,-5.6861117050297585
190804040101,65.72312171881347,1km,1.0,65.72312171881347,5,0.05528077279449174,0.05862013736204723,0.06390037762992051,0.30912096037578873,-0.003339364567555486,-5.6966167563392816
1908040320,902.4394048195522,1km,1.0,902.4394048195522,2,0.056010088562453486,0.059431066681853786,0.03959025470653188,0.18939393939393032,-0.0034209781194003003,-5.756211877726292
190901040502,55.399807348086945,2km,4.0,13.849951837021736,11,0.08705759076143424,0.09238962133001553,-0.5480392156862735,-1.806722689075627,-0.005332030568581295,-5.7712440984418505
190803090205,149.14033761335259,2km,4.0,37.285084403338146,7,0.0674107999236944,0.07154109716094625,-0.17835625781516384,-0.731915528831126,-0.004130297237251848,-5.773321071607141
190803090305,144.36226631455662,2km,4.0,36.090566578639155,7,0.06477854814240537,0.06875545401566727,-0.13100540884505563,-0.5557805223729632,-0.003976905873261896,-5.784131499379934
190804031303,135.29439014692292,2km,4.0,33.82359753673073,8,0.062403334319087386,0.06624420135778393,-0.08895754754835039,-0.38926082582289745,-0.0038408670386965438,-5.798042636142715
190902010302,79.83458468502549,1km,1.0,79.83458468502549,5,0.059506958184576714,0.06317338632928814,-0.035237217871948445,-0.16035606732858687,-0.0036664281447114228,-5.8037543303446615
1908030903,895.9671847870807,12km,144.0,6.221994338799171,13,0.060333690252575706,0.06406190830286822,-0.05400386943242097,-0.24294799813635845,-0.0037282180502925116,-5.819711196654423
190804031503,136.40485157918857,2km,4.0,34.10121289479714,8,0.07167228948102337,0.07611298373262365,-0.27277189630926557,-1.0623418642056162,-0.004440694251600277,-5.834345250739266
190804031802,205.24592148965831,2km,4.0,51.31148037241458,6,0.0669944946687776,0.07118069050064062,-0.19380131988761207,-0.7986765916310338,-0.004186195831863013,-5.881083482641037
190803090105,44.98516316399364,2km,4.0,11.24629079099841,11,0.09303532473068696,0.09885043403374583,-0.6941191948427807,-2.1568675545962113,-0.0058151093030588685,-5.882735225091365
1908031118,720.1656135483339,12km,144.0,5.001150094085652,14,0.06743558795581389,0.07165147203399251,-0.20287589195265454,-0.8314585703266961,-0.004215884078178619,-5.8838764347765835
190902010110,41.89686343388905,1km,1.0,41.89686343388905,7,0.06173133429374536,0.06559313585388826,-0.09406260083898133,-0.41498206252491754,-0.0038618015601429023,-5.887508669726118
190804041709,98.10036384213328,1km,1.0,98.10036384213328,4,0.04524815883638561,0.04808075879679964,0.22209394904458435,1.2578772335268493,-0.002832599960414031,-5.891337889206888
190804032005,63.36764238749104,2km,4.0,15.84191059687276,10,0.1029133385807801,0.10935587436245482,-0.886631513647643,-2.5197343194249178,-0.006442535781674724,-5.891348607685442
190804032005,63.36764238749104,1km,1.0,63.36764238749104,6,0.04851902103292971,0.051556881556869216,0.1590624329394501,0.8528453851221579,-0.0030378605239395062,-5.8922503305182055
190901040106,47.12178679442782,1km,1.0,47.12178679442782,6,0.06088774739385806,0.06470667366895022,-0.08068537410639465,-0.3599929397569499,-0.0038189262750921577,-5.90190479366997
190804040807,58.2670246971483,12km,144.0,0.40463211595241877,16,0.07958273392284813,0.08458368993767168,-0.4434782608695649,-1.5782144300681658,-0.005000956014823546,-5.912435386194038
1909020103,284.73346719365367,1km,1.0,284.73346719365367,3,0.056981490308049276,0.06056496237781861,-0.008178955547375466,-0.03852896414879352,-0.0035834720697693334,-5.916741180180686
1908030901,759.6187753153374,12km,144.0,5.275130384134288,13,0.03337306780242756,0.03547621614122921,0.44642487755834814,3.177401274544136,-0.0021031483388016456,-5.928333310489223
190901040511,135.13944951836115,12km,144.0,0.9384683994330635,16,0.0473432248698083,0.05033078711173368,0.17500067479682713,0.9562878802881128,-0.0029875622419253817,-5.935854401189937
190804032405,56.60601624629852,2km,4.0,14.15150406157463,11,0.0653029157569502,0.06944681102269587,-0.1794724263078713,-0.7550619877030185,-0.00414389526574567,-5.967005834711987
190804032205,171.31528117864374,12km,144.0,1.1896894526294703,15,0.08508841070304131,0.09052551532592461,-0.575509888785227,-1.931241286977949,-0.005437104622883299,-6.0061570523048164
190804040704,65.8232058521239,2km,4.0,16.455801463030976,10,0.07501281672989409,0.0798069238020949,-0.3782825263996834,-1.4150219192008107,-0.0047941070722008206,-6.007131767275281
190804041501,45.19310724047391,2km,4.0,11.298276810118477,11,0.07533204946229029,0.08015644317787048,-0.387367915465898,-1.4436071383822286,-0.004824393715580189,-6.018722293945427
190803090106,95.05495479090469,2km,4.0,23.763738697726172,9,0.05787956042243843,0.06159139227616793,-0.046085619414792944,-0.21413520132126015,-0.0037118318537295025,-6.026543184940718
1908040317,314.6025022778182,2km,4.0,78.65062556945455,5,0.06624886061193706,0.0705091400822764,-0.21401580212985394,-0.8890220757167184,-0.004260279470339343,-6.042166257265462
190804031801,47.25632703262157,2km,4.0,11.814081758155393,11,0.06361389540041835,0.06771143510101295,-0.16398673590690294,-0.7046305058499736,-0.0040975397005945935,-6.051473720032401
190804032006,146.96928551744247,1km,1.0,146.96928551744247,4,0.051107901224746774,0.054405323871300273,0.08139245272090179,0.4181315305155405,-0.0032974226465534995,-6.060845542163835
190803090202,47.48527267514625,12km,144.0,0.32975883802184897,16,0.024296777378497326,0.025864434140720073,0.6115787606490279,5.412201330319231,-0.0015676567622227473,-6.061051843213081
1908040408,778.1692042507433,12km,144.0,5.403952807296829,13,0.05039927618594253,0.053651223292676756,0.09533599880936805,0.49525194595610295,-0.0032519471067342237,-6.06127299091446
190902010105,131.88074136233743,1km,1.0,131.88074136233743,4,0.0568362249796201,0.06050364318908605,-0.032005354885093595,-0.15089373270887801,-0.00366741820946595,-6.061483269700853
190804040104,55.91176703752585,1km,1.0,55.91176703752585,6,0.047170780576276744,0.05021844426471274,0.15803218520609974,0.8650833207763036,-0.0030476636884359948,-6.068813427136596
190902010202,48.17611948404806,1km,1.0,48.17611948404806,6,0.053550180420182836,0.057016277412870645,0.029919068370748647,0.14802065404475648,-0.003466096992687809,-6.079135906381333
190804032104,177.38985967640718,2km,4.0,44.347464919101796,7,0.0617028318638623,0.06572552955683354,-0.14005862439104888,-0.6168748221427578,-0.004022697692971242,-6.120449268488241
190901040305,123.95715527106806,1km,1.0,123.95715527106806,4,0.06887807565791772,0.07339081221633542,-0.2897060683679591,-1.1635885731413917,-0.004512736558417704,-6.148912135098641
190902010203,44.430919418475064,1km,1.0,44.430919418475064,7,0.057227922387826674,0.06098706656072178,-0.05876434955733245,-0.27525784651038077,-0.003759144172895107,-6.1638383101314025
190901040405,113.76186825106356,1km,1.0,113.76186825106356,4,0.05798233720244109,0.06179134615246974,-0.07402395485431157,-0.34303783956876094,-0.0038090089500286556,-6.164308090375553
190804040106,151.56145718721794,2km,4.0,37.890364296804485,7,0.09340419714570461,0.09955924955105296,-0.7918648515663449,-2.4451883777583094,-0.006155052405348346,-6.18230092442802
1908040318,245.01181793418428,2km,4.0,61.25295448354607,6,0.06601221351270191,0.0703679907142103,-0.24102692107214452,-1.0029087438881865,-0.0043557772015083845,-6.1899979767771995
190804041202,116.8567368401029,2km,4.0,29.214184210025724,8,0.09775567637128342,0.10420670498718969,-0.8822730359972866,-2.6169115474495785,-0.006451028615906268,-6.190608000415429
190804040504,95.82421958679971,2km,4.0,23.95605489669993,9,0.06371762448511403,0.06792326502572542,-0.195051686154887,-0.8359357978066586,-0.004205640540611386,-6.19175261822077
1908040313,1341.0642304274686,12km,144.0,9.312946044635199,12,0.07825418480325601,0.08345745950463979,-0.49961449716096595,-1.7986121897794773,-0.005203274701383778,-6.23464305320066
190804040106,151.56145718721794,1km,1.0,151.56145718721794,3,0.04296760586201105,0.04583243001999654,0.21587596077392135,1.2688892350833547,-0.0028648241579854877,-6.250648627479656
190804040502,133.2905748704765,2km,4.0,33.32264371761912,8,0.06321422085377928,0.06745723919135799,-0.20508317929759556,-0.8839792211103257,-0.004243018337578702,-6.289937727131707
190803090304,61.12397624479796,2km,4.0,15.28099406119949,10,0.0540326586906905,0.05767069666964193,-0.019909502262443368,-0.09759559932570279,-0.0036380379789514306,-6.308295527954853
190902010206,30.508501028662334,1km,1.0,30.508501028662334,8,0.05086687150823606,0.05429200937047805,0.0451694486595855,0.23243284044383616,-0.003425137862241995,-6.308732909238124
190902010404,90.65031234882741,1km,1.0,90.65031234882741,5,0.05728139031254521,0.06114232732341279,-0.08795838316427762,-0.4111500053372221,-0.0038609370108675795,-6.314671324899238
190901040205,133.545924791328,1km,1.0,133.545924791328,4,0.06177310668397083,0.06594180481755732,-0.18192289081082436,-0.7990841949689945,-0.0041686981335864876,-6.321783495492911
1908040317,314.6025022778182,12km,144.0,2.184739599151515,15,0.04813067126328169,0.051379345905715704,0.09925813444912635,0.5336459005520037,-0.0032486746424340157,-6.322919424461992
190901040204,121.54557965291484,1km,1.0,121.54557965291484,4,0.05271236846404044,0.05627261916653964,0.004083716181725094,0.020418580908625472,-0.0035602507024991986,-6.326790462627277
1908040404,687.1282179534865,1km,1.0,687.1282179534865,2,0.0553340800268803,0.059075896838335,-0.051314256704522165,-0.24667898926601867,-0.003741816811454704,-6.333914526417478
190901041201,160.24840811909334,12km,144.0,1.1128361674937037,15,0.03290138466745518,0.03512669626546216,0.4120939061960165,2.954078221006979,-0.002225311598006978,-6.335100748415629
190804040802,47.563314242841955,2km,4.0,11.890828560710489,11,0.06163162712827777,0.06580496577860073,-0.18306436538102133,-0.805483207676494,-0.004173338650322961,-6.341981339773143
190804041701,102.89993881954376,1km,1.0,102.89993881954376,4,0.053355346464543305,0.05697165791809078,-0.012801932367150215,-0.06337590280767433,-0.0036163114535474744,-6.3475622541066175
190804032008,66.8422934991788,2km,4.0,16.7105733747947,10,0.07429600810794326,0.07934089796772748,-0.4490898414562565,-1.688307674647581,-0.005044889859784213,-6.358498566321067
1908040401,599.2414402327132,1km,1.0,599.2414402327132,2,0.04927566946006648,0.052631305268409506,0.06714877037848055,0.3541939197876984,-0.003355635808343027,-6.3757411890697595
190902010109,56.57772533439662,1km,1.0,56.57772533439662,6,0.05215729539521616,0.05572074646794663,0.003898635477582957,0.019648295510365035,-0.0035634510727304697,-6.395196221537243
190804041707,94.79446050413878,1km,1.0,94.79446050413878,4,0.05268194310706416,0.05630941067977917,-0.01510746762193449,-0.07549760252939383,-0.0036274675727150096,-6.442027236519528
190804032304,141.0201377797154,2km,4.0,35.25503444492885,7,0.04509845699498585,0.04821425578060281,0.1412657666223005,0.7983622603458115,-0.0031157987856169564,-6.46240149344062
190804031503,136.40485157918857,12km,144.0,0.9472559137443651,16,0.04673798157972914,0.04998127306920054,0.10263130360079842,0.5639082379039561,-0.0032432914894714032,-6.489013365027679
190901040407,143.33473711632666,1km,1.0,143.33473711632666,4,0.05245633901249307,0.05610152576581033,-0.019880119880117064,-0.09964448450251455,-0.0036451867533172644,-6.49748238315959
1908040314,286.83691676753784,2km,4.0,71.70922919188446,5,0.05189576775453038,0.05550654930182605,-0.009298739000271894,-0.047008860596942405,-0.0036107815472956745,-6.505145055336536
190803090207,67.78756289801849,2km,4.0,16.946890724504623,10,0.05375674720301882,0.0575062169633946,-0.05142778881051768,-0.25267988721930656,-0.0037494697603757815,-6.520112012867226
190804040506,133.70910568064352,2km,4.0,33.42727642016088,8,0.07943442725073162,0.08497557396507914,-0.5978354978354972,-2.119073193187047,-0.005541146714347522,-6.520870005096602
190804032406,85.32457115597555,2km,4.0,21.331142788993887,9,0.050087593550276935,0.05360961439872575,0.018476190476192755,0.0960396039604079,-0.003522020848448812,-6.569755981181852
1908040322,994.4162653459758,2km,4.0,248.60406633649396,3,0.0560076635979751,0.05995029291968021,-0.10965470365775687,-0.5208703016173495,-0.00394262932170511,-6.576497177398847
190902010602,104.74890179004704,1km,1.0,104.74890179004704,4,0.05203029076838482,0.05569574252691005,-0.025117333087930405,-0.12663168419269855,-0.003665451758525229,-6.581206376329794
190804031401,161.13248633840212,2km,4.0,40.28312158460053,7,0.05787384557554705,0.06195230902289271,-0.1509740259740262,-0.6981457848509882,-0.004078463447345665,-6.583230732915192
190803090303,125.30094280618376,2km,4.0,31.32523570154594,8,0.05496013020888131,0.05883576125556052,-0.08910728910728949,-0.4297779217393384,-0.0038756310466792065,-6.587203027500428
1908040321,517.9620183927285,12km,144.0,3.5969584610606145,14,0.06418275728659326,0.0687155084108258,-0.28925256188382775,-1.2277273504125255,-0.0045327511242325425,-6.596401931763091
190804031701,70.63704930787807,2km,4.0,17.659262326969518,10,0.07519687638857815,0.08052052586097004,-0.5300306577480498,-1.9676312120577255,-0.005323649472391889,-6.611543349311845
1908040321,517.9620183927285,2km,4.0,129.49050459818213,4,0.06399037294393548,0.06855875479986283,-0.29919356006312725,-1.272343747691134,-0.004568381855927353,-6.663455118552553
1909020106,460.78165407355374,1km,1.0,460.78165407355374,2,0.048198640953257876,0.05165018759513541,0.04112554112554179,0.22018773901958866,-0.003451546641877537,-6.682544251209293
190901040109,147.2703732137082,1km,1.0,147.2703732137082,4,0.0469693782701117,0.05033782708122286,0.0665183399073328,0.36344820851457965,-0.0033684488111111605,-6.691684974156677
190901040403,57.441337619388094,1km,1.0,57.441337619388094,6,0.05185806647563353,0.055586063249837614,-0.04278523489932695,-0.2160480752355554,-0.003727996774204087,-6.70671128021461
190803090206,82.7049008308776,2km,4.0,20.6762252077194,9,0.05542195798625277,0.05943493732831864,-0.1290114633257673,-0.6171391184148322,-0.0040129793420658755,-6.7518862178623555
1908040325,272.66202017466657,2km,4.0,68.16550504366664,5,0.057791210272560234,0.06197800897699385,-0.1818607582002123,-0.8406887530669229,-0.004186798704433614,-6.755297199023848
190804031504,142.36211430128395,2km,4.0,35.59052857532099,7,0.06000028233036897,0.06436149614877433,-0.23466967814793804,-1.0516566882430003,-0.00436121381840536,-6.7761224946111085
1908040324,598.9017670118454,2km,4.0,149.72544175296136,4,0.05512004724189479,0.059132323150157956,-0.12841284128412767,-0.6168302419761591,-0.004012275908263169,-6.785249918347662
190804031903,98.84422895340491,2km,4.0,24.711057238351227,9,0.04293738257650492,0.046078304039752084,0.1369223205506387,0.801496510540324,-0.0031409214632471608,-6.8164866930377155
190902040105,133.35230277465968,12km,144.0,0.9260576581573589,16,0.06806754161175815,0.07304954653714595,-0.4229003163694429,-1.7052432636266794,-0.004982004925387792,-6.820035389069015
190901040404,147.32561069516345,1km,1.0,147.32561069516345,4,0.04704143415824394,0.05048587453449373,0.04468177065179546,0.24357210716321712,-0.0034444403762497883,-6.822582371820508
190804031304,113.06730166843636,2km,4.0,28.26682541710909,8,0.0463554439568139,0.04976432734175311,0.05575775768263824,0.30740969064572415,-0.003408883384939207,-6.850054179430446
1908040312,1120.725596296817,2km,4.0,280.18139907420425,3,0.0489334138221937,0.052549477989799837,-0.006911185724270297,-0.036499947567902834,-0.0036160641676061395,-6.8812561150617695
190804032502,115.09983657225979,2km,4.0,28.774959143064947,8,0.07134241526928296,0.07661963997061766,-0.511675088041649,-1.9815909357076307,-0.005277224701334696,-6.887561339831957
190901040409,142.9193890805442,1km,1.0,142.9193890805442,4,0.06527742537575149,0.07013118462561307,-0.3825360534111084,-1.596225726226685,-0.004853759249861589,-6.92097142772192
190902010207,144.05665727732872,1km,1.0,144.05665727732872,4,0.04728217148414057,0.05080513750262175,0.02189817103311853,0.11878124543342093,-0.0035229660184811773,-6.934271201016587
190804040204,145.66010888434943,1km,1.0,145.66010888434943,4,0.04443216922460749,0.047750091921601,0.08431361119207281,0.48010090616390916,-0.0033179226969935055,-6.948515832055511
190804040701,79.14016608642113,12km,144.0,0.5495844867112578,16,0.047156402343839346,0.050680307820819864,0.021794918255928053,0.11845064515098588,-0.0035239054769805184,-6.953204565053708
190902010304,105.50719612562482,1km,1.0,105.50719612562482,4,0.04869360830405896,0.05233258256688772,-0.013150304454651263,-0.0696788771681907,-0.003638974262828762,-6.953553760083765
190902010111,114.37532251958963,1km,1.0,114.37532251958963,4,0.04711422429801912,0.050638125781192034,0.02185157421289574,0.11883650298621219,-0.0035239014831729143,-6.958988763525206
190804040202,82.05000375233381,1km,1.0,82.05000375233381,5,0.05594763956074417,0.06015143175136613,-0.18429627181073371,-0.8730383759953879,-0.0042037921906219605,-6.988681845509831
190804040102,112.66322311732908,1km,1.0,112.66322311732908,4,0.04648030059215941,0.04998768360213485,0.027411976537162985,0.15060007270921194,-0.00350738300997544,-7.016494378678609
190901040503,57.38005179178396,1km,1.0,57.38005179178396,6,0.04733319035042376,0.050905000181414764,0.00785645670371693,0.042549475377964024,-0.0035718098309910074,-7.016618835599302
190804041505,45.312709704164575,1km,1.0,45.312709704164575,7,0.0494188893037386,0.05316578027075676,-0.04498063747393388,-0.23536380073570057,-0.0037468909670181627,-7.0475613222196944
190804040202,82.05000375233381,2km,4.0,20.512500938083452,9,0.11495674953943714,0.12367992735182876,-1.5549906795458384,-3.958158093389407,-0.008723177812391611,-7.053026306829108
190901040705,108.54770706935948,1km,1.0,108.54770706935948,4,0.04602546399532377,0.04953188834801073,0.02828489562013914,0.1565172089651968,-0.003506424352686957,-7.079125124507351
190804041707,94.79446050413878,12km,144.0,0.6582948646120749,16,0.022398504471172805,0.024116837261842203,0.5709677101463395,5.286737963543399,-0.0017183327906693975,-7.125033734784757
1908040406,837.78918502289,12km,144.0,5.8179804515478475,13,0.028761102026718107,0.03097615367812722,0.4204786487688743,3.294641763392006,-0.0022150516514091133,-7.150828583902586
190804041506,159.42726150482463,1km,1.0,159.42726150482463,3,0.04633127452565075,0.049925518845707145,0.0027564758009539503,0.015158756935070645,-0.0035942443200563945,-7.199212753630594
1908040316,361.7841492889903,2km,4.0,90.44603732224758,5,0.04385225394940097,0.0472566079959652,0.06034824686657103,0.3464217693580072,-0.00340435404656423,-7.203974620554433
190901040402,42.20832598406575,2km,4.0,10.552081496016438,12,0.15628390485079638,0.1684365643017918,-2.590583358010072,-4.973196673317765,-0.012152659450995418,-7.214977045732902
190901040502,55.399807348086945,1km,1.0,55.399807348086945,6,0.044718645889446504,0.04820189903499459,0.036634333408525066,0.20707999357336884,-0.003483253145548086,-7.226381564384514
190804032205,171.31528117864374,2km,4.0,42.828820294660936,7,0.04546217601869691,0.04902648576631434,0.01246484935437664,0.06953181272509418,-0.003564309747617428,-7.270171810002407
190902040104,139.19906481251044,1km,1.0,139.19906481251044,4,0.04156757484346739,0.04483380323206633,0.10287400460810758,0.6150076362441215,-0.0032662283885989407,-7.285191425078226
190804040903,110.04861915452322,1km,1.0,110.04861915452322,4,0.03889425725345179,0.04196519051329655,0.1622678706031806,1.02013291154761,-0.0030709332598447617,-7.317810838656255
190804040104,55.91176703752585,2km,4.0,13.977941759381462,11,0.10699184583932769,0.11544125635140454,-1.4661807580174937,-3.9703153988868296,-0.008449410512076844,-7.319229519086953
190804041709,98.10036384213328,12km,144.0,0.6812525266814811,16,0.029477180082292612,0.03180626286224952,0.38691104769082507,2.9762388283909624,-0.0023290827799569043,-7.32271751020855
190804032104,177.38985967640718,12km,144.0,1.2318740255306055,15,0.06929118497974047,0.07479714674930033,-0.5744186445724146,-2.2704294080708074,-0.00550596176955985,-7.361192249771687
190902010207,144.05665727732872,12km,144.0,1.000393453314783,15,0.03932469093201532,0.0424666044900598,0.14139337617842784,0.8809556043497719,-0.003141913558044482,-7.39855139296553
1908040402,601.8851576204796,1km,1.0,601.8851576204796,2,0.04286161676469441,0.046290484676260436,0.05463849703614443,0.3187025804908859,-0.003428867911566026,-7.407284532763778
190804041311,102.25841854446138,2km,4.0,25.564604636115345,9,0.05124023772793945,0.055366457821936305,-0.15590661751799217,-0.7897708579710674,-0.004126220093996852,-7.452562898762931
1908040412,240.90716167462978,1km,1.0,240.90716167462978,3,0.05119753610732686,0.05532204345836339,-0.15536038706285993,-0.7875107636908488,-0.004124507351036533,-7.455450112107173
190901040703,124.31373659540185,1km,1.0,124.31373659540185,4,0.04059035906192161,0.04388056857086022,0.09729901205474789,0.5913199627636613,-0.003290209508938609,-7.4981013603445845
190804040201,139.49245648147127,1km,1.0,139.49245648147127,4,0.044783018127897575,0.048439418971853034,-0.012989189377194066,-0.073142000885957,-0.0036564008439554582,-7.5483994679624535
1909010412,873.3511642610327,1km,1.0,873.3511642610327,2,0.04448421777015267,0.04811983923159106,-0.006650788217370973,-0.037644341980705494,-0.003635621461438393,-7.55534831265932
190804040802,47.563314242841955,12km,144.0,0.3303007933530691,16,0.04360628239763292,0.04718511406306413,0.01075268817204389,0.06179705981483313,-0.0035788316654312077,-7.584662528627156
1908040323,754.0841107700855,2km,4.0,188.5210276925214,3,0.053089088739734946,0.057449947590204734,-0.22547184287248712,-1.10868659797548,-0.004360858850469787,-7.590709884674146
1908040414,287.19498662957733,12km,144.0,1.9944096293720648,15,0.03713957031353124,0.04019472765864484,0.1690909318249627,1.0979930683314798,-0.0030551573451136,-7.600890771196743
190901040702,59.03629784625412,12km,144.0,0.40997429059898693,16,0.02098693358946319,0.022718757758774,0.5689655912333524,5.4708231932969875,-0.0017318241693108118,-7.622882323493149
190803090304,61.12397624479796,12km,144.0,0.4244720572555414,16,0.08102889647011882,0.08772936298634124,-0.93162379305587,-3.2124958381236897,-0.006700466516222414,-7.637655498838654
190804040901,59.565786494839585,1km,1.0,59.565786494839585,6,0.04355389670754185,0.04717401954317551,-0.0009920634920632665,-0.005702554744524251,-0.003620122835633656,-7.6739757830480775
190803090205,149.14033761335259,12km,144.0,1.035696788981615,15,0.03743124429360768,0.04054424725663885,0.15215699438955355,0.9816580283197003,-0.0031130029630311654,-7.678038621179314
190804041303,153.9725275445342,1km,1.0,153.9725275445342,3,0.04121988813470551,0.04465955603593188,0.0537093295610056,0.32204820433098136,-0.0034396679012263717,-7.701975134860067
190804041503,89.39276287708302,1km,1.0,89.39276287708302,5,0.04382659958205673,0.04751543041084395,-0.02100883526273023,-0.12008819151434993,-0.0036888308287872235,-7.763437680963024
1908040326,981.608921661607,12km,144.0,6.816728622650049,13,0.08297367403804885,0.08996628885793975,-1.0177691675439675,-3.4337690593983208,-0.006992614819890899,-7.772483347548667
190804031209,157.5908335913729,2km,4.0,39.397708397843225,7,0.041099071914294016,0.04456372007805793,0.046721311475412364,0.280608477329804,-0.003464648163763913,-7.77459367776125
190804041308,66.98794878008941,12km,144.0,0.4651940887506209,16,0.02707059990362466,0.029359627898475807,0.4015384674072262,3.264540334801705,-0.0022890279948511484,-7.796515687346236
190804032600,990.4300897984875,12km,144.0,6.877986734711719,13,0.08292563181626042,0.08996628885793975,-1.0314511602065153,-3.4799296276035294,-0.007040657041679332,-7.825883596017618
1908040313,1341.0642304274686,2km,4.0,335.26605760686715,2,0.045493937435190104,0.04936447150415184,-0.07518992836987337,-0.41717649552475433,-0.003870534068961734,-7.840728262706509
190804040505,99.6574164930065,1km,1.0,99.6574164930065,4,0.04389231506598809,0.04762661355524915,-0.03410395146745415,-0.19458711047496363,-0.0037342984892610592,-7.840781047615519
190804031904,108.43754103220601,2km,4.0,27.109385258051503,8,0.038602679485597716,0.04188855254808336,0.1011558162952575,0.6368162769192965,-0.0032858730624856433,-7.844322285220598
1909020401,548.0946553539294,12km,144.0,3.8062128844022873,14,0.058448072577672844,0.0634727171075369,-0.42243899717563593,-1.9149546860839126,-0.00502464452986405,-7.916227252964743
190804040404,120.67658652772364,1km,1.0,120.67658652772364,4,0.03975491504856943,0.043231728171215726,0.04500996274798652,0.2766624776348345,-0.003476813122646298,-8.042271890859103
1908040319,391.203199816315,2km,4.0,97.80079995407876,4,0.04125618778425379,0.04487828751625595,0.0014664981036673908,0.0087604426742377,-0.003622099732002164,-8.07094016386021
190804041308,66.98794878008941,2km,4.0,16.746987195022353,10,0.04409872834380922,0.047994528687644485,-0.08058246436725014,-0.45703487253067243,-0.0038958003438352637,-8.11717595809662
1909010409,610.3584629911526,1km,1.0,610.3584629911526,2,0.04038678195946169,0.0439570340070979,0.01744477461127758,0.10587719713742931,-0.0035702520476362104,-8.122140468030006
190804040907,124.08197233862138,12km,144.0,0.8616803634626485,16,0.043191490595856835,0.047010357041797554,-0.057377049180328044,-0.3307034462178358,-0.003818866445940719,-8.12345765114124
190804031402,127.37049541515616,2km,4.0,31.84262385378904,8,0.04381508678319444,0.04769350721568467,-0.07523662777900242,-0.42880979563162,-0.0038784204324902247,-8.131967345053527
190804031305,877.416663515745,2km,4.0,219.35416587893624,3,0.04100117427142963,0.044680760969946096,-0.014645295230554467,-0.08778318285017524,-0.0036795866985164655,-8.235282073623342
190901041201,160.24840811909334,1km,1.0,160.24840811909334,3,0.04080343230104118,0.0444680968526099,-0.010115700762248991,-0.060854953507286785,-0.0036646645515687193,-8.241109494106077
190804032208,117.13646280096665,2km,4.0,29.284115700241664,8,0.03632342373701705,0.03958588767789937,0.11085321225264266,0.7280613516593055,-0.0032624639408823167,-8.241482336908
1909010409,610.3584629911526,12km,144.0,4.23860043743856,14,0.04513862396349082,0.04919485314039489,-0.12785097904372478,-0.7112710783334684,-0.004056229176904069,-8.245230787310588
190804041802,96.0774818975542,1km,1.0,96.0774818975542,4,0.04542079118984563,0.049502980730465385,-0.13564980412195737,-0.7509750228196941,-0.004082189540619757,-8.246350988128427
190803091004,91.39594732018793,12km,144.0,0.6346940786124162,16,0.06664748040961974,0.07270003249461279,-0.7273225002601507,-2.9446254161718284,-0.006052552084993057,-8.32537741360922
190804032303,131.22226427840872,2km,4.0,32.80556606960218,8,0.06634612327106337,0.07237169344468726,-0.7192061459667087,-2.922882120308053,-0.006025570173623887,-8.3258659384959
190804040205,147.9313884390881,1km,1.0,147.9313884390881,4,0.038834034284643784,0.04236269265763338,0.031388696550394,0.19593112988014813,-0.0035286583729895946,-8.329636648707602
1908040212,537.7462340696507,12km,144.0,3.7343488477059075,14,0.05112466753399082,0.05580659266551691,-0.31474570448070693,-1.5842904740058783,-0.004681925131526085,-8.389555620404439
190804041507,54.47837612723319,1km,1.0,54.47837612723319,6,0.03541906877644413,0.03866475627369472,0.11684335412759772,0.780920273488358,-0.003245687497250592,-8.394434130854126
190901040706,42.117223867055415,1km,1.0,42.117223867055415,7,0.04018262194433324,0.04387300321640621,-0.016656349588462405,-0.10123975147835326,-0.003690381272072975,-8.411508220374039
190804041702,121.83243161669346,1km,1.0,121.83243161669346,4,0.041164068617943486,0.04495621314757641,-0.04706329388774222,-0.2807687948315184,-0.003792144529632925,-8.435195636217326
1909010407,931.610660249447,1km,1.0,931.610660249447,2,0.03911913181264233,0.04272686825128889,0.008388659248577568,0.05202442387326519,-0.003607736438646557,-8.443718405543862
190804040608,123.36912467490731,12km,144.0,0.8567300324646341,16,0.041591390033699965,0.04543751718418626,-0.06307053467050139,-0.37319843842686656,-0.003846127150486295,-8.464650775031503
190804041307,45.69012134643222,2km,4.0,11.422530336608055,11,0.06855046937965513,0.07491365254123687,-0.8187009279086368,-3.23171418911304,-0.0063631831615817425,-8.494023379889363
190804041104,109.85800143508165,1km,1.0,109.85800143508165,4,0.037863037332827684,0.041426062195522174,0.02283419033180678,0.1449578768879988,-0.00356302486269449,-8.600925779229927
190901040904,86.11642971894457,1km,1.0,86.11642971894457,5,0.03865264173440852,0.04229184413551671,0.0,0.0,-0.0036392024011081894,-8.604974494484116
190804041103,60.85755283477333,1km,1.0,60.85755283477333,6,0.036765947906479274,0.04022910683585759,0.05285050159040772,0.3429660209590288,-0.0034631589293783183,-8.608590152171823
190804040902,145.41129399628332,1km,1.0,145.41129399628332,4,0.03856130179511988,0.04219407647795711,0.0019592347950556643,0.012266662683579685,-0.0036327746828372295,-8.60967933433749
190804031601,137.30954152074915,2km,4.0,34.32738538018729,8,0.04433820695261538,0.04852651408178369,-0.16458594692032946,-0.9254832881538284,-0.00418830712916831,-8.630966407579962
190901040701,151.62620329633435,1km,1.0,151.62620329633435,3,0.039396311263017944,0.04311841022687787,-0.024696093473387748,-0.15210244835877595,-0.0037220989638599225,-8.632273185108646
190901040702,59.03629784625412,1km,1.0,59.03629784625412,6,0.03766487033181638,0.04122551383654039,0.023776334547758182,0.15149068448355646,-0.003560643504724008,-8.636989993240588
190804041802,96.0774818975542,12km,144.0,0.667204735399682,16,0.04182984423374633,0.045787037893272445,-0.09516130467896744,-0.5597723804645144,-0.003957193659526112,-8.642606819751379
190804041803,39.89031930935242,1km,1.0,39.89031930935242,7,0.034086108424490766,0.03733354601404927,0.11809703694959417,0.8099158833863714,-0.003247437589558505,-8.698443990122012
190804040105,108.27626414662174,1km,1.0,108.27626414662174,4,0.04424664989088897,0.04847315902191805,-0.17539530934946512,-0.9871127363075681,-0.00422650913102908,-8.719277258406006
190804031504,142.36211430128395,12km,144.0,0.9886257937589163,16,0.059861178586424355,0.0655931380760726,-0.6266667614561143,-2.7647062229937602,-0.005731959489648247,-8.738657209844913
190901040707,167.52253363979872,1km,1.0,167.52253363979872,3,0.036981453584693263,0.04053365576040322,0.02709094904216869,0.17481449323260986,-0.003552202175709958,-8.763586972532726
1908040410,374.37673924868113,12km,144.0,2.59983846700473,15,0.04207321640029581,0.04613655860235862,-0.12585148206067132,-0.7359735628839472,-0.004063342202062815,-8.80720696375279
1908040418,321.26147808008744,1km,1.0,321.26147808008744,3,0.036315775696760935,0.039827841082688914,0.039450514888217825,0.25793026992905865,-0.003512065385927979,-8.818116399119837
190901040708,107.51106096736525,1km,1.0,107.51106096736525,4,0.03806640650961697,0.04176601852594284,-0.01651204141001905,-0.10417982575835583,-0.003699612016325869,-8.857947553769977
190804020601,152.7090719299978,1km,1.0,152.7090719299978,3,0.03766428144261483,0.0413386094743106,-0.008748848835679723,-0.05562851860836819,-0.0036743280316957755,-8.888368714915638
1908040417,924.9804447426393,1km,1.0,924.9804447426393,2,0.037724224232203826,0.04141522395730672,-0.013597634528649039,-0.08633861306209388,-0.0036909997251028948,-8.912181010798824
190804040606,52.13510201191759,12km,144.0,0.3620493195272055,16,0.021329998503954412,0.023417799176946363,0.466666630336217,4.402515222093908,-0.002087800672991951,-8.915443578691566
190804041708,79.66934672793506,1km,1.0,79.66934672793506,5,0.03954012500328488,0.043412098545053804,-0.0677655677655693,-0.4152171473459863,-0.003871973541768922,-8.919111656743622
190804032501,57.55304379990561,2km,4.0,14.388260949976402,11,0.04826024217352201,0.05299587501864364,-0.32634180790960343,-1.711957025099559,-0.004735632845121629,-8.935851787437533
190804040906,143.63201046601918,12km,144.0,0.9974445171251332,16,0.03723321491495683,0.040893767965725025,-0.0042403729981330684,-0.027181877528477144,-0.003660553050768192,-8.951371401716449
1908040312,1120.725596296817,12km,144.0,7.782816640950118,13,0.06616929645030437,0.07270002963751863,-0.8635041735414752,-3.4959683216462625,-0.006530733187214269,-8.983123142832838
19080404,10440.947004588248,12km,144.0,72.50657642075173,5,0.03602761109821122,0.03958889442951667,0.025748180126944575,0.16909925610182788,-0.0035612833313054537,-8.995662502386613
190804031603,125.3454564550416,2km,4.0,31.3363641137604,8,0.034646082826597105,0.038073506841673585,0.06586461069219851,0.4452386270568198,-0.00342742401507648,-9.002123259433965
190804040304,126.90492388503431,12km,144.0,0.8812841936460716,16,0.05596271143751615,0.06151540980317324,-0.5702478393050256,-2.6523155316512823,-0.005552698365657097,-9.026516093160552
190804041801,75.93919525777031,1km,1.0,75.93919525777031,5,0.03959157330872699,0.043550113888308775,-0.09260073260073298,-0.5660191479262408,-0.003958540579581782,-9.089621647681776
1908031105,733.1559730102341,12km,144.0,5.091360923682181,14,0.036854241271668337,0.04054424753441189,-0.012168356033679828,-0.07850552239541447,-0.0036900062627435518,-9.101183243348302
190901040511,135.13944951836115,1km,1.0,135.13944951836115,4,0.03679046606309733,0.0404804663486506,-0.012082707170460338,-0.07804483179410969,-0.0036900002855532743,-9.115508338693532
1908040206,598.6205826946389,1km,1.0,598.6205826946389,2,0.03722583663285789,0.04096202294148844,-0.02586987943683816,-0.16562522510758643,-0.003736186308630547,-9.121098130254564
190804032307,75.56996223783975,2km,4.0,18.892490559459937,10,0.034545374404910095,0.03801994065381526,0.052509428488539456,0.3553269596968835,-0.0034745662489051657,-9.138799769684796
1908040326,981.608921661607,2km,4.0,245.40223041540176,3,0.03643230060267967,0.04010555009774358,-0.006818780765140531,-0.04435127746063033,-0.00367324949506391,-9.158955521396962
190804032404,142.86660864158753,2km,4.0,35.71665216039688,7,0.03881711226954013,0.04276416761629452,-0.08829540601549724,-0.5472244593925288,-0.003947055346754394,-9.229819184532516
190804032206,92.16935011404414,2km,4.0,23.042337528511034,9,0.04499900740670498,0.049586161543006935,-0.27956865894229566,-1.5456921047290386,-0.004587154136301952,-9.25087563457283
1908040415,576.8319332081089,1km,1.0,576.8319332081089,2,0.03703597171475553,0.04084659965782879,-0.046918271206427775,-0.3010185454247447,-0.0038106279430732554,-9.329119131077777
190804032600,990.4300897984875,2km,4.0,247.60752244962188,3,0.03642452688381362,0.04019190917621992,-0.03374061765885372,-0.21910639380454894,-0.0037673822924063002,-9.373484289806571
190804020501,221.96211535958776,1km,1.0,221.96211535958776,3,0.0352147759879098,0.03885906455200661,0.003069613495622292,0.02043975692685474,-0.0036442885640968134,-9.378220001203372
190804040301,77.30864421083555,1km,1.0,77.30864421083555,5,0.034029038429199424,0.037554936805926704,0.0385025223232347,0.2629103051721327,-0.003525898376727281,-9.388641485267641
1908040204,962.5983148866057,12km,144.0,6.684710520045873,13,0.015041017001247606,0.016602170627112774,0.6256214695415263,7.23261799879764,-0.0015611536258651679,-9.403310331696444
190803090403,88.46761696854948,12km,144.0,0.6143584511704825,16,0.03982579655965761,0.044039441014394574,-0.16589605739351043,-1.0054306508697601,-0.004213644454736966,-9.567888142267085
190803111601,50.740128430280855,12km,144.0,0.3523620029880615,16,0.04014145412337006,0.04438896172348076,-0.17600000381469627,-1.060240962471072,-0.004247507600110702,-9.568837465878067
190804032305,41.95040640342941,2km,4.0,10.487601600857353,12,0.031127343492954988,0.03442765818056631,0.10686274509803972,0.7771836007130162,-0.003300314687611324,-9.586230554230035
190901040201,130.2000970451347,12km,144.0,0.9041673405912132,16,0.008210910446495311,0.009087503436837254,0.8304687291383743,12.776441986744219,-0.0008765929903419428,-9.646136548224796
190804041306,38.46127236865677,1km,1.0,38.46127236865677,7,0.034848682650782656,0.038602472946774546,-0.027777777777778567,-0.18587360594796068,-0.0037537902959918906,-9.724222334583725
190804041101,66.53851826813836,1km,1.0,66.53851826813836,5,0.03300304188299816,0.036572436168280056,0.027408412483039157,0.19081806159077894,-0.003569394285281899,-9.759793602094518
190901040704,169.39567136108846,1km,1.0,169.39567136108846,3,0.03571434304042442,0.03960323355262768,-0.0675702710813244,-0.4436431939682916,-0.003888890512203258,-9.819628760958157
190804040508,102.3067874745153,1km,1.0,102.3067874745153,4,0.032581960621199085,0.036141647427158065,0.03074000467617566,0.21586498894816128,-0.0035596868059589795,-9.849265485568623
190804020504,39.678718344920526,1km,1.0,39.678718344920526,7,0.03274068020726627,0.03635001474733197,0.016326530612243317,0.11417154274296025,-0.0036093345400656993,-9.929389479355352
190804032501,57.55304379990561,12km,144.0,0.39967391527712226,16,0.07015353781486354,0.0779428231312464,-1.2288288855337868,-4.6901864494294045,-0.007789285316382857,-9.993588894344553
190804041706,126.84376598161444,12km,144.0,0.8808594859834336,16,0.0504403341450784,0.05609786214527307,-0.5929719855986448,-2.9722905409617426,-0.005657528000194673,-10.085104465378256
190804040803,106.03476217913072,12km,144.0,0.7363525151328523,16,0.05937981346646877,0.06605915902163448,-0.8970871527218129,-3.9345929067560284,-0.006679345555165708,-10.111157414187202
190804041502,72.19312876733613,1km,1.0,72.19312876733613,5,0.029534311525428462,0.032859608926230695,0.10181170582886878,0.7654227111748116,-0.003325297400802233,-10.119710822692605
190804032009,145.5632186633326,1km,1.0,145.5632186633326,4,0.0333196525231661,0.037098281579978264,-0.03287186827197175,-0.22648254704609355,-0.0037786290568121647,-10.185455756666286
190804020501,221.96211535958776,12km,144.0,1.541403578886026,15,0.01537367896204642,0.017126449746330742,0.5703605880442346,6.481370178204569,-0.0017527707842843222,-10.234291462886782
1908040409,696.3525867827732,1km,1.0,696.3525867827732,2,0.03151465756694584,0.03512644691825782,0.017237840536955318,0.12356938298976275,-0.0036117893513119836,-10.282250748892762
190804040303,97.6004764660119,1km,1.0,97.6004764660119,4,0.030781764195292657,0.03431843337563645,0.03969486934353128,0.28934756696879294,-0.003536669180343791,-10.305450547910398
1908040407,420.3674407434667,12km,144.0,2.9192183384962966,15,0.0527721318392486,0.058835762144434256,-0.7122297997310234,-3.4351919179817294,-0.006063630305185655,-10.306028313698427
1908040403,549.6420214609652,12km,144.0,3.816958482367814,14,0.04874861697005564,0.05435026359975695,-0.5747573445144205,-2.955050571002329,-0.005601646629701307,-10.306567546668454
19080404,10440.947004588248,1km,1.0,10440.947004588248,2,0.03154478540341296,0.0351753620700843,0.011823001651796616,0.08466819299306802,-0.0036305766666713396,-10.321362604420916
1908040411,494.7137914402431,1km,1.0,494.7137914402431,2,0.03167945343516593,0.03532964366643876,0.0060341747068193285,0.04307643429162906,-0.003650190231272832,-10.331805963670995
190804020502,125.35944869443165,1km,1.0,125.35944869443165,4,0.03180925826723337,0.03550037008589378,-0.005844629591560846,-0.04157833659699156,-0.003691111818660414,-10.397389688416496
190804040604,92.27654386907905,12km,144.0,0.64080933242416,16,0.018473186519307374,0.020621643504086476,0.45307246266796675,4.623188304591172,-0.002148456984779102,-10.418456629576369
190804040203,87.63648154896505,1km,1.0,87.63648154896505,5,0.03151375206704174,0.035182302287354486,0.0009993406412256434,0.00715557171910957,-0.003668550220312747,-10.427260246784154
190804032007,48.18737518566735,1km,1.0,48.18737518566735,6,0.02919870674309345,0.03260724476506854,0.07843767867352902,0.5929147364298256,-0.0034085380219750876,-10.45331504251038
190901040405,113.76186825106356,12km,144.0,0.7900129739657191,16,0.015018699428669919,0.01677692903724456,0.569265991175941,6.543287398347945,-0.0017582296085746421,-10.480044379226946
1908040205,909.6498732100683,1km,1.0,909.6498732100683,2,0.03122216632069422,0.03487988719746892,0.004481468667560051,0.0322886666520364,-0.003657720876774701,-10.48661899640583
190804040604,92.27654386907905,1km,1.0,92.27654386907905,5,0.029314824278827912,0.0327628422064774,0.06698936460321825,0.5046780045444674,-0.003448017927649486,-10.524172188479405
190902010504,133.5103214028243,12km,144.0,0.9271550097418354,16,0.01625583571445276,0.018175008540312766,0.5215907060738765,5.731765760537641,-0.0019191728258600056,-10.55940535930543
190804040704,65.8232058521239,12km,144.0,0.4571055961953049,16,0.050616105912051235,0.056622139875625824,-0.6929133858267704,-3.4473302123196485,-0.006006033963574589,-10.607218266153891
190804032008,66.8422934991788,1km,1.0,66.8422934991788,5,0.03076310391847222,0.034414616412813494,0.0068619336234743145,0.049918518216371235,-0.0036515124943412754,-10.610353608304983
190804032302,122.72057781652472,1km,1.0,122.72057781652472,4,0.031451464885300665,0.035191371777241284,-0.019334334592171487,-0.13841378202963805,-0.0037399068919406198,-10.627340461786904
190804040806,99.03196678647515,12km,144.0,0.6877219915727442,16,0.040294286069011045,0.04508799647510008,-0.33247369589264864,-1.9790101844720125,-0.004793710406089037,-10.631899354269093
190803111601,50.740128430280855,1km,1.0,50.740128430280855,6,0.030110651930485923,0.033732185953257776,0.01629772430144527,0.12026935101970154,-0.003621534022771853,-10.736137965651448
190803090103,128.00682105464585,1km,1.0,128.00682105464585,4,0.03065229899248356,0.03434094535833192,-0.003616495671332487,-0.026349328862322347,-0.003688646365848359,-10.741248755265866
190804040302,57.527557424314665,1km,1.0,57.527557424314665,6,0.03064542686835291,0.03433726523855539,-0.0045207061540999405,-0.03293981871077846,-0.003691838370202479,-10.751695991377673
1908040204,962.5983148866057,1km,1.0,962.5983148866057,2,0.03081048236097231,0.03454416463915817,-0.016709788702026884,-0.12123184064348404,-0.003733682278185862,-10.808431227639176
190804020507,129.07150859082992,1km,1.0,129.07150859082992,4,0.029504881606339375,0.033089654320175445,0.027612692585460508,0.20657069847685242,-0.00358477271383607,-10.833515149931198
190804032306,162.22329379111406,2km,4.0,40.555823447778515,7,0.03001549561862703,0.03367578510477002,0.005334749774831948,0.03941481792401612,-0.0036602894861429876,-10.869203122526532
190804020408,173.23370646862531,1km,1.0,173.23370646862531,3,0.02974026234294008,0.033373073857105535,0.013558647231867837,0.1008207101856839,-0.0036328115141654564,-10.885456729937948
190804040506,133.70910568064352,1km,1.0,133.70910568064352,4,0.02882872446230741,0.03235401710786795,0.04552030156765241,0.3459852756701885,-0.0035252926455605384,-10.89599672834211
190901040904,86.11642971894457,12km,144.0,0.5980307619371151,16,0.045457966583927964,0.05102982852990605,-0.5619046915145134,-3.037322656835207,-0.005571861945978085,-10.91883336960988
190804041401,49.587665554959976,1km,1.0,49.587665554959976,6,0.03071063488721631,0.034479058088768604,-0.026518000196189107,-0.19265213817744223,-0.003768423201552292,-10.92960019919987
190804032103,127.61156827247854,12km,144.0,0.8861914463366565,16,0.07159799163229137,0.08038945476174358,-1.5174602856711736,-5.641116383607156,-0.008791463129452212,-10.936090007710773
190804020409,160.7084786566071,1km,1.0,160.7084786566071,3,0.029863429689859517,0.033532284471017776,0.0030843014142032388,0.02285712850415941,-0.0036688547811582588,-10.941261053446208
190803110504,133.93543786679882,12km,144.0,0.9301072074083252,16,0.04400845535522174,0.04945699200557127,-0.5247126429473745,-2.9069952210677075,-0.005448536650349528,-11.016716604470723
190804041202,116.8567368401029,1km,1.0,116.8567368401029,4,0.03555275175599083,0.039971758623902995,-0.219027681281311,-1.428173750906806,-0.004419006867912162,-11.05532260787147
190804041305,34.13772647190445,1km,1.0,34.13772647190445,8,0.02870595957828982,0.03229170643971559,0.02838549579661631,0.21604182847318967,-0.0035857468614257683,-11.104234668179865
190803111807,188.09857861377546,12km,144.0,1.3062401292623296,15,0.0674216204026824,0.07584570554328235,-1.4068540115594104,-5.495523400764267,-0.008424085140599946,-11.106871615549323
1909020401,548.0946553539294,1km,1.0,548.0946553539294,2,0.030534650869520518,0.03437999644750601,-0.0482944196058952,-0.351580817779515,-0.0038453455779854893,-11.184834134165358
190804020503,88.85884110181851,1km,1.0,88.85884110181851,5,0.028554589521862402,0.03216783463029321,0.02071727821002689,0.15810554423441575,-0.0036132451084308105,-11.232478498966579
190804031501,117.28869279171084,1km,1.0,117.28869279171084,4,0.028842398906609033,0.032505301613800656,0.006131078224102637,0.04644756230380786,-0.003662902707191624,-11.268631654955875
190902010105,131.88074136233743,12km,144.0,0.9158384816828988,16,0.02231671272643462,0.02516539438918597,0.24767444300097097,2.231301307467619,-0.002848681662751349,-11.319837148967869
190804041710,119.78574066650103,1km,1.0,119.78574066650103,4,0.028310129204941813,0.03198249111894308,0.004125286478227963,0.031610372885326955,-0.003672361914001266,-11.482413612947564
190804031905,85.44891373096698,2km,4.0,21.362228432741745,9,0.032571236809156454,0.03679939680190056,-0.16050085372794598,-1.1123821545501205,-0.004228159992744104,-11.489753529127778
190804020409,160.7084786566071,12km,144.0,1.1160311017819937,15,0.017938230628331348,0.02027212279500029,0.4007222179041019,4.13115696684184,-0.002333892166668943,-11.512815851946941
190804020406,66.37140126160872,1km,1.0,66.37140126160872,5,0.02821934515725782,0.031910597004272075,-0.0011597719709879328,-0.008900884542519073,-0.0036912518470142534,-11.567479751381907
1908040403,549.6420214609652,1km,1.0,549.6420214609652,2,0.028034163181134848,0.03170513609891481,0.004885905291382997,0.03766772098333748,-0.003670972917779961,-11.578480238429286
190804041804,114.65911641663493,1km,1.0,114.65911641663493,4,0.028215662815281924,0.03192678678493075,-0.006840482197926434,-0.05247988987827158,-0.0037111239696488267,-11.623856777846665
1908040405,981.7315684650991,1km,1.0,981.7315684650991,2,0.02672776614167501,0.03026679867120515,0.04435443164444841,0.3531530811877115,-0.003539032529530143,-11.69278775722344
190804041706,126.84376598161444,1km,1.0,126.84376598161444,4,0.02843656456595842,0.03222992271167445,-0.030659013037867666,-0.23365991460730556,-0.0037933581457160297,-11.769678071061538
190804040807,58.2670246971483,1km,1.0,58.2670246971483,6,0.02475992160290533,0.02806579234956355,0.11365369946605597,0.9526854219948808,-0.0033058707466582203,-11.779003797516623
1908040414,287.19498662957733,1km,1.0,287.19498662957733,3,0.027695189939462104,0.03140155621661463,-0.004794243673700294,-0.037210224591628094,-0.0037063662771525292,-11.80312928310057
190804040906,143.63201046601918,1km,1.0,143.63201046601918,4,0.026450218063178443,0.029996694462844066,0.042589986293934956,0.34120386746845616,-0.0035464763996656233,-11.822890699035286
1908030902,960.2419799130994,12km,144.0,6.6683470827298565,13,0.045503466904789805,0.051612360267319246,-0.7156131170943638,-3.833641731363071,-0.006108893362529441,-11.836105403607302
190804041705,43.41083187495106,1km,1.0,43.41083187495106,7,0.027037303264392323,0.030668292801584854,0.017637470115193565,0.1391580210923529,-0.003630989537192531,-11.83955546754429
190804041104,109.85800143508165,12km,144.0,0.7629027877436225,16,0.025562936496152443,0.029010107189389622,0.07216987070047587,0.59155632646541,-0.003447170693237179,-11.882654106490076
190804041703,74.1424636315559,1km,1.0,74.1424636315559,5,0.026853233991081863,0.030483757116071666,0.018013179667315526,0.14271684104725366,-0.0036305231249898033,-11.90969705986706
190803111602,156.0621102843158,1km,1.0,156.0621102843158,3,0.027018362663159313,0.030678067408796708,0.00944677201790256,0.07451772235789339,-0.0036597047456373953,-11.92938491486593
190804041102,115.86246707083868,1km,1.0,115.86246707083868,4,0.02713580063007882,0.030820438981856865,0.002158520657181029,0.016972239038318578,-0.0036846383517780447,-11.9551780360659
190804032301,75.0246742753352,1km,1.0,75.0246742753352,5,0.031846490430813904,0.03618690570530337,-0.19166400850611431,-1.344696037227182,-0.004340415274489466,-11.994436080931221
190804041105,145.12686902749996,1km,1.0,145.12686902749996,4,0.0272441335796522,0.030981008780557193,-0.01292940061596859,-0.10129671864523813,-0.003736875200904991,-12.061825447240274
190804041703,74.1424636315559,12km,144.0,0.5148782196635826,16,0.05132316518783363,0.05836973675450369,-0.9915492635377703,-4.813345850370452,-0.00704657156667006,-12.072303146247034
190804041403,119.53078696304635,1km,1.0,119.53078696304635,4,0.028790289627656524,0.032759497523455625,-0.08143644846599862,-0.6135622829630033,-0.0039692078957991005,-12.116205057654406
190804041301,72.23538594473881,1km,1.0,72.23538594473881,5,0.024150258630644638,0.027483260056604265,0.10669383508193775,0.9070169425310144,-0.0033330014259596273,-12.127387431822166
190902040105,133.35230277465968,1km,1.0,133.35230277465968,4,0.02619974280638585,0.029820357318070118,0.02170820771941706,0.1746181242512524,-0.003620614511684269,-12.14141894098063
190804040501,91.05031962429894,1km,1.0,91.05031962429894,5,0.027905187460264592,0.03176699102227473,-0.04954235714320809,-0.38142472195030447,-0.0038618035620101403,-12.156655187462603
190804040905,53.03782992640348,1km,1.0,53.03782992640348,6,0.026540139345339667,0.030223533613454465,0.003298450906092043,0.026288405717726056,-0.0036833942681147973,-12.187172801247431
190804040603,112.14481496417758,1km,1.0,112.14481496417758,4,0.024994163552720935,0.02846994154802813,0.0647337158965069,0.5374119810276045,-0.0034757779953071936,-12.208588449131998
190804041704,66.77752816100501,1km,1.0,66.77752816100501,5,0.027790457471988928,0.03165646884405998,-0.050595238095239026,-0.3904814406468282,-0.0038660113720710536,-12.212389799743795
190804040507,65.16659687011388,1km,1.0,65.16659687011388,5,0.026538172577793607,0.030246868724173877,-0.003938009326864389,-0.03136894684389526,-0.00370869614638027,-12.26142176963994
190804040405,154.36209493613,1km,1.0,154.36209493613,3,0.026502827089926743,0.030215501600706844,-0.0050297273915376195,-0.040093892339288124,-0.0037126745107801014,-12.28731715211125
190804040601,99.38828499342418,1km,1.0,99.38828499342418,4,0.02604600733513027,0.02969530425608021,0.013704306095817742,0.11055390700300254,-0.003649296920949941,-12.289138004715799
190804041601,67.16707480898071,1km,1.0,67.16707480898071,5,0.026241990647760696,0.029928248305843445,0.002871627610169014,0.02304180238099688,-0.00368625765808275,-12.316984343393775
190803110506,144.66794967474343,12km,144.0,1.0046385394079405,15,0.05177308991854043,0.05906877483939953,-1.0634145562241706,-5.112569934964987,-0.007295684920859094,-12.351170209125096
190804020407,65.4264337664539,1km,1.0,65.4264337664539,5,0.026415224427084442,0.030141884882365834,-0.008915906788246275,-0.07119165116090183,-0.003726660455281392,-12.363727317735302
190804020506,147.30489527155422,1km,1.0,147.30489527155422,4,0.02642377528701512,0.030165661710649883,-0.01328341987682613,-0.10600774820268409,-0.0037418864236347625,-12.404456628623208
190804040904,60.20034351452202,1km,1.0,60.20034351452202,6,0.03204390039914376,0.03658302766451568,-0.24877675840978597,-1.7316247685135913,-0.004539127265371923,-12.40774084364462
190803090105,44.98516316399364,1km,1.0,44.98516316399364,7,0.02715578704409134,0.03101190064457776,-0.04692808317301811,-0.3674084803581489,-0.0038561136004864223,-12.434302704244732
190803110603,79.0013182120224,1km,1.0,79.0013182120224,5,0.02599760582729699,0.02970018457231978,-0.0014763014763019555,-0.011908119457244315,-0.003702578745022788,-12.466517627212149
1909020105,1008.630021912423,12km,144.0,7.0043751521696045,13,0.0287067927503489,0.032804890126362084,-0.11820275735928298,-0.889698164548557,-0.004098097376013184,-12.492336844377796
1909010407,931.610660249447,12km,144.0,6.469518473954493,13,0.030015955486979638,0.03431115211085672,-0.1763173408529468,-1.2854241027175566,-0.00429519662387708,-12.518368983937428
1909020102,589.754932354271,12km,144.0,4.095520363571326,14,0.028804187503111405,0.032942201000183954,-0.12975123349358064,-0.9737428369925993,-0.004138013497072549,-12.56143600438065
190804040305,47.2451143176503,1km,1.0,47.2451143176503,6,0.028962556489803667,0.033126669392957234,-0.13742690058479567,-1.0272774960657485,-0.004164112903153567,-12.57027337628715
190804041402,119.74674920442347,1km,1.0,119.74674920442347,4,0.02551210846563182,0.02921499852460302,-0.0009263756228303777,-0.007556931944326569,-0.0037028900589712,-12.674620044402399
190804040304,126.90492388503431,1km,1.0,126.90492388503431,4,0.025901539193128615,0.029698050754396854,-0.02822471423154127,-0.2276769521878489,-0.003796511561268239,-12.783706219190694
190803111806,113.80122009881246,1km,1.0,113.80122009881246,4,0.02549325921800769,0.02923899665080061,-0.013160507820257905,-0.10729706953024121,-0.003745737432792922,-12.810759129418885
190804032405,56.60601624629852,12km,144.0,0.3930973350437397,16,0.06668963795113514,0.07654474029490167,-1.8153148857322883,-7.036104416331414,-0.009855102343766534,-12.874956928193981
190804041603,114.85782935174889,1km,1.0,114.85782935174889,4,0.024210567056333215,0.027789856000267045,0.03614983404457206,0.3050393102206673,-0.0035792889439338303,-12.87983983759914
190902010404,90.65031234882741,12km,144.0,0.6295160579779682,16,0.03958176713105005,0.04543751718418626,-0.6353930623343835,-3.759722347198734,-0.0058557500531362106,-12.887478049029937
190804041310,46.24896186171727,1km,1.0,46.24896186171727,6,0.02269273428244854,0.02605375646927654,0.10059523809523796,0.8859764089121875,-0.0033610221868279992,-12.900336236701335
190804021202,119.35844358243472,1km,1.0,119.35844358243472,4,0.022953782289014426,0.02637255828086455,0.08372787784552393,0.7315431324241812,-0.0034187759918501252,-12.963383966927195
1908040416,248.34717486560027,1km,1.0,248.34717486560027,3,0.024915376989579584,0.02865068307285871,-0.009415435109961123,-0.077831742709518,-0.003735306083279124,-13.037406730514025
190803111805,57.01469490290309,1km,1.0,57.01469490290309,6,0.024785624652958037,0.028505246535480207,-0.00475729721012641,-0.0394614515125693,-0.0037196218825221693,-13.048902691974234
190804041602,70.6885995804864,1km,1.0,70.6885995804864,5,0.025037817035928462,0.028803349915445295,-0.018224689683453477,-0.150110553077169,-0.003765532879516833,-13.0732463084012
190803110602,138.05664269324924,1km,1.0,138.05664269324924,4,0.024246510325459932,0.0279116183893217,0.011549061077998246,0.0971675811850814,-0.003665108063861767,-13.131119853888325
190804040306,146.86896311934072,1km,1.0,146.86896311934072,4,0.024103297286503973,0.027751838103252865,0.016477561388652973,0.13916859280956903,-0.003648540816748893,-13.147024003146077
190803110502,151.92224787901642,1km,1.0,151.92224787901642,3,0.024530754417418348,0.028288224700848318,-0.015250544662309906,-0.12715712988193,-0.0037574702834299693,-13.282806974158717
190804020601,152.7090719299978,12km,144.0,1.0604796661805402,15,0.01636685261868188,0.018874046625208606,0.3532075126216103,3.797930165350897,-0.0025071940065267244,-13.28381801906783
190804041501,45.19310724047391,1km,1.0,45.19310724047391,7,0.02371725271173385,0.027357834443287668,0.019262811395131862,0.16425653127631823,-0.003640581731553818,-13.307273055916333
190804032006,146.96928551744247,12km,144.0,1.0206200383155728,15,0.04105182836196662,0.04735987441760722,-0.7667330365731893,-4.393885644434733,-0.006308046055640601,-13.31938932104817
190803111501,62.058853526267434,1km,1.0,62.058853526267434,6,0.024137305304349457,0.027852683037902864,-0.002689720021283648,-0.022662005704185435,-0.003715377733553408,-13.339388986322781
190804041504,110.9021628413883,1km,1.0,110.9021628413883,4,0.023515359020630396,0.02713541302233958,0.025401667683546236,0.21778514771551724,-0.0036200540017091824,-13.340699840201165
190803091002,54.076238240976025,1km,1.0,54.076238240976025,6,0.020417619808713854,0.023562881358108634,0.16532033158309822,1.5535421230326605,-0.0031452615493947796,-13.348374087163192
190804041001,91.14362146233404,1km,1.0,91.14362146233404,5,0.024304578390684287,0.02805352851181704,-0.012515179983044078,-0.10493751971660965,-0.003748950121132754,-13.363560022596005
190803110601,52.55999121843443,1km,1.0,52.55999121843443,6,0.023622971295699683,0.027283070940447976,0.013802686428903144,0.11791239662882083,-0.003660099644748293,-13.41527738111799
1908030906,814.6647013102379,12km,144.0,5.657393759098874,13,0.03250795249107595,0.03757333234032804,-0.3999521661738381,-2.7300489277102833,-0.005065379849252087,-13.481316491631318
190803090102,66.01215693917095,1km,1.0,66.01215693917095,5,0.02430422320867762,0.028099239179781313,-0.025694482544210473,-0.215207594913438,-0.003795015971103693,-13.50576058954073
1908031116,433.7491304938217,1km,1.0,433.7491304938217,2,0.02404826407488574,0.027810602561812822,-0.01600833532425483,-0.13501381370086368,-0.0037623384869270825,-13.528432109893258
190803110602,138.05664269324924,12km,144.0,0.9587266853697864,16,0.045334490330104935,0.05242790469969773,-0.9970692365597458,-5.27549871261469,-0.007093414369592793,-13.529845242191588
190804041302,56.19565855329652,1km,1.0,56.19565855329652,6,0.025688066559173366,0.029709146607596076,-0.09219440353460939,-0.743503254311366,-0.00402108004842271,-13.534821789174497
190803090603,106.5666019774261,1km,1.0,106.5666019774261,4,0.02350854920587399,0.027189969219930624,0.007853374307458694,0.06724213865837007,-0.003681420014056632,-13.539625529837307
1908040413,811.542172201825,1km,1.0,811.542172201825,2,0.0235469610796365,0.027235954357929214,0.005636052704343086,0.048202693708667414,-0.0036889932782927133,-13.544571377278489
190803091005,81.99811856421138,1km,1.0,81.99811856421138,5,0.02365317660295978,0.027373334193876393,-0.0034200778689008615,-0.029152430899154952,-0.0037201575909166125,-13.590443767529194
190804040703,144.2087980862068,12km,144.0,1.0014499867097695,15,0.05978559303680922,0.06920483873685707,-1.681526306642585,-7.095047478952187,-0.009419245700047846,-13.610675022108461
190804041601,67.16707480898071,12km,144.0,0.4664380195068105,16,0.048867230011731114,0.056622139875625824,-1.1909775124456665,-5.925261143495468,-0.00775490986389471,-13.695896836341525
190804041307,45.69012134643222,1km,1.0,45.69012134643222,7,0.020902822354193076,0.024233343053778764,0.11167775314116746,1.0308715674569302,-0.003330520699585688,-13.743546204890421
1908040416,248.34717486560027,12km,144.0,1.7246331587888908,15,0.04883554882059071,0.056622139875625824,-1.2000000307345289,-5.970149293334411,-0.007786591055035111,-13.751848785896929
190803110604,107.74129884614561,1km,1.0,107.74129884614561,4,0.023236525562376983,0.02694476609009836,0.0005378612107147518,0.004633103616180321,-0.0037082405277213785,-13.762377878218357
1908040206,598.6205826946389,12km,144.0,4.157087379823881,14,0.019133468425748045,0.022194480028421247,0.19111500162973094,1.8645366012656677,-0.003061011602673202,-13.79176983985842
190804032401,155.69298029538996,1km,1.0,155.69298029538996,3,0.02305137306470013,0.02674044406145165,0.00626609287501978,0.05424891365770548,-0.0036890709967515208,-13.795847923369351
190803090201,125.90515664607327,1km,1.0,125.90515664607327,4,0.02200144714759467,0.02553710580468764,0.05154034000187835,0.45992088103659157,-0.003535658657092971,-13.845181533625311
190902040104,139.19906481251044,12km,144.0,0.9666601723091003,16,0.04682520525750686,0.05435026359975695,-1.1225277006407808,-5.7713505610735965,-0.0075250583422500905,-13.845486376415186
190804040902,145.41129399628332,12km,144.0,1.0098006527519674,15,0.020775922059392198,0.024116837261842203,0.10887083315080126,1.008063252111789,-0.0033409152024500045,-13.853040372487065
190901040707,167.52253363979872,12km,144.0,1.1633509280541579,15,0.04651706349836349,0.05400074455730902,-1.1102837975143558,-5.737900649229983,-0.007483681058945535,-13.85847754562602
190804040503,88.11552566724225,1km,1.0,88.11552566724225,5,0.02164485121412896,0.025169321906511097,0.05521063630031264,0.497342776389456,-0.003524470692382136,-14.003041899473597
190902010109,56.57772533439662,12km,144.0,0.3929008703777543,16,0.02553923682719671,0.02970914527428547,-0.134579391122978,-1.0853177037349717,-0.004169908447088758,-14.035773862191828
190804032009,145.5632186633326,12km,144.0,1.010855685162032,15,0.06309797403692602,0.07357382760077522,-1.9881890364519244,-7.968693593791588,-0.010475853563849197,-14.238559968217308
190803111807,188.09857861377546,1km,1.0,188.09857861377546,3,0.02213072207291168,0.02582764196082523,0.005232198142415712,0.04634581105170094,-0.0036969198879135516,-14.313811123450426
190804040504,95.82421958679971,1km,1.0,95.82421958679971,4,0.02178365029121376,0.02542373513069557,0.021949917090580584,0.19643894672504025,-0.0036400848394818087,-14.317663477727633
1908031106,616.1437863149606,1km,1.0,616.1437863149606,2,0.022082368103642374,0.02577478402378467,0.006584457461119797,0.058402099295173426,-0.0036924159201422967,-14.325691019311659
190804020503,88.85884110181851,12km,144.0,0.6170752854292952,16,0.025446301902476858,0.02970914527428547,-0.16104642180509288,-1.298761506124797,-0.0042628433718086105,-14.348589743839865
190804041002,120.9648730627842,1km,1.0,120.9648730627842,4,0.02160086577447187,0.025230559351895512,0.025163506410144976,0.22631812167660878,-0.0036296935774236434,-14.386100311133026
190803090210,115.75803006481328,12km,144.0,0.8038752087834256,16,0.07207943625133112,0.0842341692285855,-2.4803495698620672,-8.858391320935954,-0.012154732977254376,-14.429694135488164
1908040404,687.1282179534865,12km,144.0,4.7717237357881,14,0.02282180699223634,0.026738232580159005,-0.05847953913504611,-0.5063163477863577,-0.003916425587922667,-14.647286712693322
190803090104,128.19299809975738,1km,1.0,128.19299809975738,4,0.021107833474111024,0.024733311714665078,0.0270184567540408,0.24615093312504885,-0.003625478240554054,-14.658280631317178
190803090403,88.46761696854948,1km,1.0,88.46761696854948,5,0.019676830333932385,0.023068278467860186,0.09585958595859623,0.9129484377009164,-0.003391448133927801,-14.701782530729057
190804032402,120.37586761790271,1km,1.0,120.37586761790271,4,0.023569686851324902,0.027635527453835115,-0.10221258021093504,-0.8657150921780263,-0.004065840602510213,-14.712368379080734
190803091006,122.17450387206121,1km,1.0,122.17450387206121,4,0.021209520342618294,0.024872249439605074,0.016226882807659493,0.1473011323682121,-0.0036627290969867797,-14.726167433631757
190902010301,41.476016496820186,12km,144.0,0.2880278923390291,16,0.02144704352640402,0.025165396055824227,0.0,0.0,-0.0037183525294202067,-14.775656704038397
1908031118,720.1656135483339,1km,1.0,720.1656135483339,2,0.021277591540565615,0.024976517956774177,0.005780977207585636,0.05233566555347984,-0.0036989264162085624,-14.809616066619618
1908031115,403.00361169571363,1km,1.0,403.00361169571363,2,0.021850357877341176,0.025650548482918527,-0.023945289034703165,-0.2130590126593774,-0.0038001906055773506,-14.81524111699994
190804040509,159.51781898504763,1km,1.0,159.51781898504763,3,0.021120140399779958,0.024794030385752078,0.013151311249137265,0.11962534393757604,-0.0036738899859721195,-14.817639281765684
190804040804,104.23697429187803,1km,1.0,104.23697429187803,4,0.021447042186931494,0.02518203850231246,-0.004761904761904745,-0.042881646655231406,-0.0037349963153809652,-14.831985563988322
190803110501,53.33438391879704,1km,1.0,53.33438391879704,6,0.021859874955697096,0.025673187023168703,-0.02771195943640059,-0.24643185404852871,-0.0038133120674716074,-14.853286676213177
190804032303,131.22226427840872,1km,1.0,131.22226427840872,4,0.0216994723448368,0.0255039056140128,-0.024960555144282637,-0.22292478926328377,-0.0038044332691760004,-14.917061436604842
1908040324,598.9017670118454,12km,144.0,4.159040048693371,14,0.0750495401347052,0.08825364071669399,-2.7844903162051686,-9.552282513359295,-0.013204100581988787,-14.96153640207968
190804040806,99.03196678647515,1km,1.0,99.03196678647515,4,0.020826990794653385,0.024498130459669344,0.014324031273185156,0.13130362000419726,-0.0036711396650159593,-14.985387032123388
190803110606,70.23530866456733,1km,1.0,70.23530866456733,5,0.02082992645230561,0.024562600436755753,-0.003285242624590623,-0.030063891392142307,-0.003732673984450142,-15.196574947596044
190803090101,59.91788669985944,1km,1.0,59.91788669985944,6,0.021235195246197065,0.025048888263921765,-0.026998769987699234,-0.243964789045475,-0.0038136930177247,-15.224999119891525
190803110503,133.26223963474115,1km,1.0,133.26223963474115,4,0.02038057265636647,0.024063064383529127,0.011663685152056402,0.10815114620309073,-0.003682491727162656,-15.303502781147344
1908040410,374.37673924868113,1km,1.0,374.37673924868113,2,0.02031872940028062,0.02400282225335637,0.011286987522280967,0.10482575945699234,-0.0036840928530757523,-15.348581988355962
1908031115,403.00361169571363,12km,144.0,2.7986361923313448,15,0.05750933122020821,0.06798151625505544,-1.9797838636439486,-8.47873195785714,-0.010472185034847231,-15.404459346798502
190804032405,56.60601624629852,1km,1.0,56.60601624629852,6,0.023019886358285845,0.027230736488460194,-0.1429772174297721,-1.2229777540649247,-0.004210850130174349,-15.463592517810959
190803090401,147.74141075445667,1km,1.0,147.74141075445667,4,0.019529238450962053,0.02311615783440478,0.040128115027018296,0.3816745794100763,-0.0035869193834427264,-15.516935855595165
190803090202,47.48527267514625,1km,1.0,47.48527267514625,6,0.023178217841447458,0.02743727066505485,-0.15697674418604635,-1.3359722909450753,-0.004259052823607393,-15.522873523392706
190804040704,65.8232058521239,1km,1.0,65.8232058521239,5,0.02226067810568139,0.026386179788628304,-0.11755917068754762,-1.0267826300557958,-0.0041255016829469145,-15.635085169566262
190804041309,49.98766066837365,1km,1.0,49.98766066837365,6,0.02163387380564055,0.025724625723754536,-0.10679203539823057,-0.9484194973199873,-0.004090751918113988,-15.902085270521626
1909010401,981.867334297001,12km,144.0,6.8185231548402845,13,0.00864729368430971,0.01028585539188056,0.6118896619751908,8.94202018358546,-0.0016385617075708493,-15.930242504325854
1908030901,759.6187753153374,1km,1.0,759.6187753153374,2,0.019936186072488222,0.023729095732995815,-0.019342791035667162,-0.18095868847616636,-0.0037929096605075936,-15.984214919886186
190804040903,110.04861915452322,12km,144.0,0.7642265219064113,16,0.022885718467928997,0.02726251031051176,-0.19027774422256982,-1.6263055326880465,-0.004376791842582762,-16.05425103093011
1908040212,537.7462340696507,1km,1.0,537.7462340696507,2,0.017867473039900304,0.021294451241832185,0.08807559282562671,0.8814174047326142,-0.0034269782019318816,-16.093291923859045
1908040320,902.4394048195522,12km,144.0,6.26694031124689,13,0.034225685398535974,0.04079390371553022,-0.8321858507015207,-5.34431282604983,-0.006568218316994244,-16.100980094468692
1908031105,733.1559730102341,1km,1.0,733.1559730102341,2,0.019373630040931736,0.02309700608778694,0.0012916914830256587,0.012292201572268685,-0.003723376046855204,-16.120600361377672
190804040502,133.2905748704765,1km,1.0,133.2905748704765,4,0.01985131739976066,0.023693331366144967,-0.03328018385865228,-0.31164628767159,-0.0038420139663843077,-16.21559208796658
190804040907,124.08197233862138,1km,1.0,124.08197233862138,4,0.018949791963470314,0.02263487444189847,0.012805597201399621,0.12341554743060545,-0.003685082478428154,-16.28055188857974
190803091007,146.54282118891018,12km,144.0,1.017658480478543,15,0.06871367135394205,0.08213705164062145,-2.838888758704776,-10.360908022731765,-0.013423380286679401,-16.342661464659606
190902010203,44.430919418475064,12km,144.0,0.30854805151718795,16,0.03157686902873583,0.03774809158377895,-0.7151162347128217,-4.864736353684149,-0.0061712225550431266,-16.34843589733955
190803091001,154.52648525715375,1km,1.0,154.52648525715375,3,0.019902853316272413,0.02381406821871889,-0.053146897752020195,-0.49607984227509927,-0.003911214902446478,-16.423967826597952
190803110605,84.99798706148262,1km,1.0,84.99798706148262,5,0.01893003000823326,0.022661860589051376,-0.0005433601390993914,-0.005232807610587644,-0.0037318305808181178,-16.467450084928494
1908040409,696.3525867827732,12km,144.0,4.8357818526581475,14,0.031095205201951307,0.03725876592433482,-0.7122901800024604,-4.892102807728885,-0.006163560722383516,-16.542578825344048
190804040703,144.2087980862068,1km,1.0,144.2087980862068,4,0.018180599334136575,0.021799475254428304,0.03276015329279325,0.3231744851856631,-0.003618875920291729,-16.600747853123654
1908040406,837.78918502289,1km,1.0,837.78918502289,2,0.01812268212089484,0.021828316872846844,0.008014058014056857,0.0789932965478498,-0.0037056347519520035,-16.97627340457751
1908040324,598.9017670118454,1km,1.0,598.9017670118454,2,0.018109512842207662,0.021835886028986513,0.002097976037440219,0.020675003208184394,-0.003726373186778851,-17.065362870241206
190803090203,49.280995841505224,1km,1.0,49.280995841505224,6,0.01871775913561564,0.022584900607745026,-0.03897739287453916,-0.37616785731074753,-0.0038671414721293852,-17.12268536972542
190804040702,122.16184780143003,1km,1.0,122.16184780143003,4,0.017759859683348433,0.021437188047574177,0.016590253014094003,0.16535135894445852,-0.003677328364225744,-17.153967936768968
190804040609,67.38612485199864,1km,1.0,67.38612485199864,5,0.016224197591906766,0.01962604219128257,0.09742931965154078,1.023938709713645,-0.0034018445993758036,-17.333319505890106
1908040407,420.3674407434667,1km,1.0,420.3674407434667,2,0.018289742279643483,0.02213236165594929,-0.03139810426540279,-0.3068550254747563,-0.003842619376305808,-17.361994332280815
190804040601,99.38828499342418,12km,144.0,0.6901964235654456,16,0.01729377597892563,0.020971160879896138,0.01718752086162567,0.17361132852424577,-0.003677384900970509,-17.535437937991354
190803091001,154.52648525715375,12km,144.0,1.0731005920635677,15,0.03831723095525848,0.04648607931144481,-1.2955227360796577,-7.532108596594359,-0.00816884835618633,-17.572676545718434
190804020502,125.35944869443165,12km,144.0,0.8705517270446642,16,0.025049320411575756,0.030408185025819566,-0.474103465973144,-3.7627259489012626,-0.00535886461424381,-17.62309920731409
190804032104,177.38985967640718,1km,1.0,177.38985967640718,3,0.017407020646776374,0.021143958309095788,0.0,0.0,-0.003736937662319414,-17.67378467026131
190804041003,164.42342072934937,1km,1.0,164.42342072934937,3,0.01732280142151126,0.02104192380462143,0.00520792560577199,0.052497951375438126,-0.0037191223831101704,-17.6748210745509
190804040602,71.4665055055797,1km,1.0,71.4665055055797,5,0.01708266068949652,0.02075389341204896,0.01922556594414182,0.19542470877287016,-0.0036712327225524415,-17.689368686942647
190804041002,120.9648730627842,12km,144.0,0.8400338407137792,16,0.04946966558267128,0.06011733363338155,-2.0194092802860553,-9.5706599231132,-0.010647668050710268,-17.711477550956957
190804032402,120.37586761790271,12km,144.0,0.8359435251243243,16,0.07209367970980521,0.08772936298634124,-3.4762931609975887,-11.987217796543408,-0.015635683276536028,-17.82263400108169
190803090208,85.21631971658624,1km,1.0,85.21631971658624,5,0.016958354075410544,0.020677887334682413,0.005570044109598271,0.05674400907904562,-0.0037195332592718684,-17.987975265892878
1908030910,1081.1615233707378,12km,144.0,7.508066134519012,13,0.05884200708568749,0.07176797949256733,-2.6835840505564903,-10.983290622067782,-0.012925972406879843,-18.010779317283866
1908040321,517.9620183927285,1km,1.0,517.9620183927285,2,0.01662692060684053,0.02030855984445846,0.016848016848015845,0.17350442797757867,-0.0036816392376179292,-18.128509681707087
190803110506,144.66794967474343,1km,1.0,144.66794967474343,4,0.01706956311838972,0.02084969803297268,-0.01191489361702125,-0.12077641984184014,-0.003780134914582959,-18.130406054825727
1908040417,924.9804447426393,12km,144.0,6.423475310712773,13,0.03797484365703843,0.046386214823158814,-1.3644596128222375,-7.946104120924913,-0.008411371166120382,-18.133342412584426
190804032403,50.1453330033717,1km,1.0,50.1453330033717,6,0.017047622029184344,0.020850174736976736,-0.018299906913767927,-0.18549613245924607,-0.0038025527077923914,-18.237510024550325
1908040402,601.8851576204796,12km,144.0,4.179758039031109,14,0.03324252314552306,0.040719006777862804,-1.090753066579369,-7.0144891956536215,-0.007476483632339742,-18.36116404588824
190804032502,115.09983657225979,1km,1.0,115.09983657225979,4,0.01750281300324139,0.021442253545773816,-0.0580636049057226,-0.5786234457675996,-0.003939440542532428,-18.372325157533993
190804040808,164.28056975259872,1km,1.0,164.28056975259872,3,0.016642376801310328,0.020388629920247453,-0.0016588208921763936,-0.01704268039907254,-0.0037462531189371255,-18.374226878368187
1908030906,814.6647013102379,1km,1.0,814.6647013102379,2,0.016734954527634027,0.020525342296012064,-0.014407908244471912,-0.1474339761202727,-0.0037903877683780375,-18.466867512920768
190803090402,147.7576218204491,1km,1.0,147.7576218204491,4,0.016316819980833928,0.020085713127908626,-0.007707808564232366,-0.0799012636236942,-0.0037688931470746985,-18.764049466772033
1908030910,1081.1615233707378,1km,1.0,1081.1615233707378,2,0.015866035796345896,0.01953597046429264,0.021198228709817357,0.2233889432006636,-0.0036699346679467428,-18.78552526814349
1908040408,778.1692042507433,1km,1.0,778.1692042507433,2,0.015880524686277164,0.019573084710104452,0.014705882352942012,0.1547987616099159,-0.0036925600238272883,-18.865498609532064
190803110504,133.93543786679882,1km,1.0,133.93543786679882,4,0.016309036697307728,0.020112783746228498,-0.0176695157470661,-0.18302011741058566,-0.00380374704892077,-18.912086446681155
190804040701,79.14016608642113,1km,1.0,79.14016608642113,5,0.01610961897300647,0.0198967137617485,-0.012642717905876566,-0.13179667315006457,-0.0037870947887420313,-19.033770270258067
190901040302,69.9218009669923,12km,144.0,0.4855680622707798,16,0.012717018361893508,0.015728370243262537,0.21376811594202927,2.5448586386892207,-0.0030113518813690288,-19.145988012705782
190803090307,135.10722368963783,1km,1.0,135.10722368963783,4,0.015652271486358647,0.01937890727911802,0.005256979533506012,0.05566213623712248,-0.0037266357927593745,-19.230371140559903
190804040605,88.43316563027876,1km,1.0,88.43316563027876,5,0.015409362023319498,0.01908218671041966,0.020972431890253773,0.22407520266897787,-0.003672824687100163,-19.2473993826643
190804041304,149.67920249774147,1km,1.0,149.67920249774147,4,0.014679373934759935,0.018182140255487374,0.07058813542055731,0.7755198734545534,-0.0035027663207274386,-19.264873505033616
190804020407,65.4264337664539,12km,144.0,0.45435023448926315,16,0.017480025715177035,0.0216702022980685,-0.12977099236641187,-1.2848612620302489,-0.004190176582891465,-19.336121210391017
1908040401,599.2414402327132,12km,144.0,4.161398890504953,14,0.026894161027343762,0.03337909896992473,-0.7987092369467046,-5.938358775853534,-0.006484937942580964,-19.428139592455835
190803090401,147.74141075445667,12km,144.0,1.0259820191281712,15,0.023084746798649147,0.02866058981357996,-0.5335968379446641,-4.409891083655079,-0.005575843014930814,-19.454739247162557
1908040323,754.0841107700855,1km,1.0,754.0841107700855,2,0.015246364982075707,0.018947287419259592,0.013147995212866803,0.14105845746302745,-0.003700922437183885,-19.532729700516185
190803090108,146.9196605117756,1km,1.0,146.9196605117756,4,0.016756790676860357,0.020895590456282295,-0.11411982324529824,-1.1552485526883816,-0.004138799779421939,-19.80704870762626
1909020103,284.73346719365367,12km,144.0,1.9773157444003726,15,0.02920288329418495,0.03652477576853036,-1.041206591943535,-7.255794872925951,-0.00732189247434541,-20.046372141328604
190803091003,127.27547151359298,1km,1.0,127.27547151359298,4,0.014829556551214911,0.01855141268860662,0.00770730244414608,0.08370503907593906,-0.003721856137391708,-20.062386621788068
190803090204,139.24253554964037,12km,144.0,0.9669620524280581,16,0.046077358449242614,0.05767069533633133,-2.2855070777561366,-11.20346627693122,-0.011593336887088718,-20.10264800775717
1909010404,949.9157823301671,12km,144.0,6.596637377292827,13,0.008321781136410359,0.010415677131449964,0.4820436853561958,7.006448895636944,-0.0020938959950396047,-20.1033112740901
190804041311,102.25841854446138,1km,1.0,102.25841854446138,4,0.013451057693448759,0.016856523225116084,0.10004325675286019,1.1469204236139476,-0.0034054655316673246,-20.202656776773566
1908030904,703.9907607978083,1km,1.0,703.9907607978083,2,0.014782414282829035,0.01854726758883951,-0.004532448813641565,-0.049230931191344085,-0.003764853306010476,-20.298695147289024
190804032406,85.32457115597555,1km,1.0,85.32457115597555,5,0.01382357642840466,0.017348870500623528,0.0652691555404381,0.7363699599434043,-0.003525294072218868,-20.320020672770408
190804041302,56.19565855329652,12km,144.0,0.39024762884233694,16,0.05230300438185821,0.06570964497910134,-2.8125002554484766,-12.389868550314015,-0.013406640597243127,-20.402850451417063
190803091007,146.54282118891018,1km,1.0,146.54282118891018,4,0.013989645843695591,0.017654394430497287,0.025151643936172974,0.2809910220994324,-0.0036647485868016964,-20.758279765580543
1909020101,972.5603686083822,12km,144.0,6.753891448669321,13,0.011971188337059506,0.015129194980014419,0.1727907728581215,2.099887902839499,-0.003158006642954913,-20.873593387662872
190803090306,124.0721406129199,1km,1.0,124.0721406129199,4,0.014080257634609693,0.01779774819822852,0.009942525990670248,0.11057001543022518,-0.0037174905636188256,-20.887420825455
190803091004,91.39594732018793,1km,1.0,91.39594732018793,5,0.014217682389090654,0.017980829776015728,-0.003301092343967582,-0.036498563999641576,-0.0037631473869250733,-20.928663659030136
190804041503,89.39276287708302,12km,144.0,0.6207830755352988,16,0.014039103586760287,0.01782548783122658,-0.009714284624372738,-0.10793649582636375,-0.0037863842444662947,-21.241406015454622
190803090107,86.09251675014279,1km,1.0,86.09251675014279,5,0.012678361544930891,0.01609797827279559,0.09701149425287348,1.1405405405405393,-0.0034196167278646994,-21.24252294242192
1908040205,909.6498732100683,12km,144.0,6.3170130084032525,13,0.02407409402347736,0.030699451172299212,-0.8351725032263619,-6.584802965882676,-0.0066253571488218525,-21.581353724004217
190804031303,135.29439014692292,12km,144.0,0.939544376020298,16,0.07061914995661765,0.09017600128339145,-4.59622673538496,-15.475510496014088,-0.019556851326773803,-21.687423536683
190803091006,122.17450387206121,12km,144.0,0.8484340546670918,16,0.04569170314294771,0.05836973675450369,-2.5953390032558126,-12.598732792210976,-0.012678033611555978,-21.72021721612059
190803090305,144.36226631455662,1km,1.0,144.36226631455662,4,0.013602917138796279,0.017382435101370223,-0.007175698462956959,-0.0808689826777689,-0.0037795179625739438,-21.743316977930277
1908030902,960.2419799130994,1km,1.0,960.2419799130994,2,0.013457841866643262,0.017202257244598604,0.0030583458424988663,0.034668483013669184,-0.0037444153779553416,-21.76700025301077
1908040315,466.1206107369709,1km,1.0,466.1206107369709,2,0.013117783437491076,0.016780687976757667,0.026826754611976256,0.3083153953180662,-0.0036629045392665913,-21.82809515521622
190804040603,112.14481496417758,12km,144.0,0.7787834372512332,16,0.02291513492671025,0.029359627898475807,-0.7819005828097936,-6.35691520882065,-0.0064444929717655565,-21.950186133319896
190803090301,97.96657429938945,1km,1.0,97.96657429938945,4,0.013594191238387322,0.017433170164539716,-0.02417642183777069,-0.2720194420323223,-0.003838978926152394,-22.021117730848204
190804040403,136.5481289719034,12km,144.0,0.9482508956382181,16,0.018235003248264454,0.023417799176946363,-0.4147601813847732,-3.912831759042496,-0.00518279592868191,-22.131865977329372
190804040104,55.91176703752585,12km,144.0,0.3882761599828184,16,0.03914422818019439,0.05033078711173368,-2.159999838742344,-11.803278299421919,-0.01118655893153929,-22.22607587420653
190803090306,124.0721406129199,12km,144.0,0.8616120875897215,16,0.05051577097713049,0.06501060356092897,-3.121487491386983,-13.873277739497702,-0.014494832583798481,-22.296105234915554
190901040204,121.54557965291484,12km,144.0,0.8440665253674642,16,0.02388720550080641,0.030757704068267493,-0.9050632448639053,-7.126482350051903,-0.006870498567461084,-22.33748836457962
190804031802,205.24592148965831,1km,1.0,205.24592148965831,3,0.01314279216799821,0.01697713983177131,-0.02225726845472309,-0.2541572783632459,-0.003834347663773101,-22.585357143595157
190803090209,98.43016921508287,1km,1.0,98.43016921508287,4,0.013338177773493845,0.01724896102582358,-0.04438319834635607,-0.5023535868840768,-0.0039107832523297345,-22.672572837719702
190803090302,88.6907671636102,1km,1.0,88.6907671636102,5,0.012353723619861905,0.01599845473058154,0.03303193222548195,0.3896528198180177,-0.003644731110719633,-22.781769690247756
190804032002,157.679440171849,12km,144.0,1.0949961123045069,15,0.008488500250020629,0.01100985983693908,0.359523856159532,5.099629199875527,-0.002521359586918452,-22.90092357451329
1908040318,245.01181793418428,1km,1.0,245.01181793418428,3,0.012270859569659096,0.01591901850881437,0.032160268753328225,0.3803902755770005,-0.003648158939155273,-22.91698409129486
190901040408,62.43433777731426,12km,144.0,0.43357179012023794,16,0.012107990996016286,0.015728370243262537,0.040322599872466114,0.4800309726623685,-0.003620379247246251,-23.01814613498872
190804040607,126.74621153788917,1km,1.0,126.74621153788917,4,0.012370899088307411,0.01611983327744179,0.0031960784313724844,0.03754791390240231,-0.003748934189134377,-23.256656099419235
1908040413,811.542172201825,12km,144.0,5.635709529179341,13,0.034685088279849646,0.04520450504476707,-1.9632567131572518,-11.662911277395741,-0.010519416764917425,-23.270726566964512
1908030903,895.9671847870807,1km,1.0,895.9671847870807,2,0.012373639981580708,0.01618869520384598,-0.015725230806605595,-0.184315286768428,-0.0038150552222652734,-23.56616870122382
190804031502,81.64960652116685,1km,1.0,81.64960652116685,5,0.011300018708835034,0.014804950015882123,0.0744165089663884,0.9146793970072019,-0.0035049313070470885,-23.674050255402058
190804040801,96.9808672846913,1km,1.0,96.9808672846913,4,0.011864281968833879,0.01558120552361501,0.013021342594154106,0.1557969202071335,-0.003716923554781131,-23.8551731388674
190901040504,46.374643073924695,12km,144.0,0.3220461324578104,16,0.013221609974335816,0.017475967122140404,-0.14252873124747367,-1.6014464871517662,-0.004254357147804588,-24.344044126832433
190804040509,159.51781898504763,12km,144.0,1.1077626318406084,15,0.04219986979877037,0.055923098457453455,-2.8897809703854733,-14.521512692365066,-0.013723228658683084,-24.539464080524397
190804031701,70.63704930787807,1km,1.0,70.63704930787807,5,0.011279069872331793,0.014979401485625484,0.01853865217043804,0.22647568096521167,-0.0037003316132936913,-24.70280015422912
190803090204,139.24253554964037,1km,1.0,139.24253554964037,4,0.011595076467538084,0.015445781442967363,-0.02490016220677127,-0.29931141271566486,-0.003850704975429279,-24.93046395643872
190803090603,106.5666019774261,12km,144.0,0.7400458470654591,16,0.01887430664443165,0.025165396055824227,-0.7326923241982097,-6.600831522685007,-0.006291089411392576,-24.998968414552646
190804040805,118.26730300877894,1km,1.0,118.26730300877894,4,0.01135469211939422,0.015145839283613852,-0.0075438596491217425,-0.09162582569783494,-0.0037911471642196326,-25.030948059255063
190804032304,141.0201377797154,1km,1.0,141.0201377797154,4,0.01173902779375506,0.015674599364915366,-0.049370567676700006,-0.588823284217523,-0.003935571571160305,-25.10795637921911
190804040803,106.03476217913072,1km,1.0,106.03476217913072,4,0.011265374174903791,0.015049892788302911,-0.00552982650169298,-0.06738856668729798,-0.0037845186133991203,-25.146482215079473
190901040703,124.31373659540185,12km,144.0,0.8632898374680684,16,0.0180082443659661,0.024116837261842203,-0.679338880806915,-6.290174711197767,-0.006108592895876102,-25.329162483262895
1908040325,272.66202017466657,1km,1.0,272.66202017466657,3,0.011565108919138568,0.01549535865938943,-0.04761904761904745,-0.5714285714285694,-0.003930249740250861,-25.364044980458207
190804041403,119.53078696304635,12km,144.0,0.8300749094655997,16,0.03667310071865516,0.04928223165102817,-2.563755476839157,-14.243085982439762,-0.012609130932373008,-25.585551850937627
190804032103,127.61156827247854,1km,1.0,127.61156827247854,4,0.011284690557744712,0.01518345160489154,-0.038240829652391284,-0.4638572460223203,-0.0038987610471468287,-25.67769930449012
190804041308,66.98794878008941,1km,1.0,66.98794878008941,5,0.010662250910979547,0.01438246114448213,0.013663072368947482,0.17047036289003376,-0.0037202102335025834,-25.866297820174207
1909010402,565.8951234961268,12km,144.0,3.92982724650088,14,0.011141676450929412,0.015029332713912779,-0.03487544099348305,-0.42531025766689684,-0.0038876562629833675,-25.867124888282845
190804041102,115.86246707083868,12km,144.0,0.804600465769713,16,0.015469949138294057,0.020971160879896138,-0.5022219594319655,-5.0729492806437495,-0.005501211741602081,-26.232270941547064
190804040802,47.563314242841955,1km,1.0,47.563314242841955,6,0.010013982797305147,0.013616989224949274,0.048049150054453094,0.6163372650963879,-0.0036030064276441273,-26.45964073352308
190803090308,111.45513754242657,1km,1.0,111.45513754242657,4,0.010373063945221937,0.014149508189449003,-0.00204526339934219,-0.02573216424335076,-0.003776444244227066,-26.689579550496905
1908040315,466.1206107369709,12km,144.0,3.236948685673409,14,0.04478684452798748,0.06169017182435459,-3.803034884392183,-17.647493116391907,-0.016903327296367107,-27.400356971762985
190804040405,154.36209493613,12km,144.0,1.0719589926120139,15,0.05372217342170128,0.07409810866440449,-4.808333295764346,-19.156706066483313,-0.020375935242703203,-27.49859019342483
190803090205,149.14033761335259,1km,1.0,149.14033761335259,4,0.0099018393603062,0.01368217867468171,-0.002539461235871343,-0.03249649547598075,-0.003780339314375509,-27.629659020393195
190803091008,123.80703376688123,1km,1.0,123.80703376688123,4,0.00997752252541709,0.013803241046507684,-0.015622389306599871,-0.19903145122665156,-0.003825718521090593,-27.716088621509122
190804040608,123.36912467490731,1km,1.0,123.36912467490731,4,0.00981965977856953,0.013614065844422544,-0.006455897761679985,-0.08282013952943829,-0.003794406065853014,-27.871218702879414
190804031801,47.25632703262157,1km,1.0,47.25632703262157,6,0.009529600765617565,0.013238046024172185,0.018519871420221712,0.2409088965232093,-0.00370844525855462,-28.01353954944057
190804040606,52.13510201191759,1km,1.0,52.13510201191759,6,0.009569489486611338,0.013294681108209892,0.01367611668721036,0.17752651468974986,-0.003725191621598553,-28.020165292254568
190901040701,151.62620329633435,12km,144.0,1.052959745113433,15,0.029112809572983452,0.04054424725663885,-2.21685839612822,-14.302312233085294,-0.011431437683655395,-28.19496835468705
190804041506,159.42726150482463,12km,144.0,1.107133760450171,15,0.023018243095366226,0.032155783571335694,-1.5525364944900293,-11.851423276949903,-0.009137540475969468,-28.416475859462043
190804041710,119.78574066650103,12km,144.0,0.831845421295146,16,0.053613432625401386,0.07514666412511,-5.139300933571363,-20.233468546283152,-0.021533231499708608,-28.654939976920886
1909020104,310.8328685976861,12km,144.0,2.1585615874839315,15,0.027782014503891273,0.03902966307272626,-2.1625234654169745,-14.353031910679556,-0.011247648568834989,-28.818205650088714
190804031503,136.40485157918857,1km,1.0,136.40485157918857,4,0.009305528187063605,0.013080188276901283,-0.00012975001497128602,-0.0016977795655268562,-0.003774660089837678,-28.857842180326028
190803090210,115.75803006481328,1km,1.0,115.75803006481328,4,0.009289285691588673,0.013075609134789307,-0.0034453412397743577,-0.04509003635946307,-0.0037863234432006336,-28.957147649256683
190803090106,95.05495479090469,1km,1.0,95.05495479090469,4,0.009161918220325582,0.01295452631775849,-0.00507578918092122,-0.0667306549659573,-0.0037926080974329084,-29.27631628054108
190901040202,84.9168267929783,12km,144.0,0.5897001860623493,16,0.010120255846293343,0.014330294073470851,-0.12576687409102583,-1.5720859261378228,-0.004210038227177509,-29.37858920126
190902010108,94.01494327708583,12km,144.0,0.6528815505353183,16,0.008355824131693841,0.011883657443058884,0.07173912939818017,0.9827278384902337,-0.0035278333113650424,-29.68642716494333
190803090207,67.78756289801849,1km,1.0,67.78756289801849,5,0.00877633164580367,0.012504446588076066,0.013883660874513204,0.18566971628590515,-0.0037281149422723966,-29.81431378040701
190803090206,82.7049008308776,12km,144.0,0.5743395891033167,16,0.03278367545080982,0.046835593353977946,-2.9714280477962145,-17.175885426808215,-0.014051917903168128,-30.00264733909822
190804041309,49.98766066837365,12km,144.0,0.34713653241926146,16,0.04644783094388573,0.06640867973072066,-4.67999984339664,-20.43668087928555,-0.019960848786834934,-30.05759016407767
1908040322,994.4162653459758,1km,1.0,994.4162653459758,2,0.008477389403460364,0.012180220337639294,0.021511054460479073,0.2912863345079234,-0.0037028309341789294,-30.400360843526354
190803090304,61.12397624479796,1km,1.0,61.12397624479796,6,0.008676994998955155,0.012496749807107188,-0.012204418458350297,-0.16326086095600179,-0.003819754808152033,-30.565986093277235
190803090303,125.30094280618376,1km,1.0,125.30094280618376,4,0.00846028666684515,0.012206291712988523,0.009181141439206009,0.12419858346480553,-0.003746005046143374,-30.689132573796417
190804032404,142.86660864158753,1km,1.0,142.86660864158753,4,0.008435491924543091,0.012208212149119158,0.0015703712917467527,0.02124173727966622,-0.0037727202245760663,-30.9031345334892
1908040317,314.6025022778182,1km,1.0,314.6025022778182,3,0.008249696774523748,0.011977973195235248,0.014530599523586929,0.19831624133145073,-0.0037282764207114995,-31.126104224332217
190804032501,57.55304379990561,1km,1.0,57.55304379990561,6,0.00789384934480947,0.011497981890461893,0.05051740668496052,0.7026401889035276,-0.003604132545652422,-31.34578380787168
190804032207,110.75157289910592,1km,1.0,110.75157289910592,4,0.008499491351652028,0.012395454671856071,-0.03377459606462985,-0.45356771693507714,-0.0038959633202040427,-31.43058018718622
190804031303,135.29439014692292,1km,1.0,135.29439014692292,4,0.007975752718950766,0.012008669022698794,-0.07226849996126372,-0.9851526860391174,-0.004032916303748028,-33.583374611499465
190804031702,239.55297795105216,1km,1.0,239.55297795105216,3,0.007436168731936851,0.011246299581333438,-0.007817801786150547,-0.10983688459880933,-0.003810130849396586,-33.87897345114855
190803090206,82.7049008308776,1km,1.0,82.7049008308776,5,0.00703870308393734,0.010835100315715118,-0.0033653846153844924,-0.04807692307692132,-0.0037963972317777775,-35.037951852384076
190901040404,147.32561069516345,12km,144.0,1.0230945187164129,15,0.007939416151431164,0.012582697194592984,-0.24685040421373294,-3.291338722849772,-0.0046432810431618204,-36.90211225266649
190804032503,97.28786178419138,1km,1.0,97.28786178419138,4,0.0067241449289452,0.010689467242475294,-0.0512820512820511,-0.7369875633348661,-0.0039653223135300945,-37.09560283578613
190804040609,67.38612485199864,12km,144.0,0.4679592003611017,16,0.039089547762810234,0.06256396526387875,-5.675572329805096,-26.034736368965007,-0.023474417501068517,-37.52066769115328
190804032406,85.32457115597555,12km,144.0,0.5925317441387191,16,0.05899307066532218,0.0947197505018527,-9.207228786974067,-29.700738022496992,-0.03572667983653052,-37.71830019319119
1909010403,399.7276070048247,12km,144.0,2.7758861597557267,15,0.012998342071821038,0.020971160879896138,-1.2061134217607918,-12.182964325607196,-0.0079728188080751,-38.018013660455914
190902010401,85.66191688301038,12km,144.0,0.5948744227986832,16,0.01382848394000127,0.02236924038296434,-1.3696970563946351,-13.298029427482106,-0.008540756442963069,-38.18080675402559
190804031504,142.36211430128395,1km,1.0,142.36211430128395,4,0.005750135413486176,0.009378769583316897,0.04632879918092758,0.7037285951533304,-0.003628634169830721,-38.68987437632963
190804031401,161.13248633840212,1km,1.0,161.13248633840212,3,0.005683248601618045,0.009437022812612824,0.010613370089593843,0.16080863772111884,-0.0037537742109947786,-39.77710222314778
190901040305,123.95715527106806,12km,144.0,0.860813578271306,16,0.015589939875898646,0.026213951516529735,-1.9680496765864834,-17.263594231946218,-0.010624011640631089,-40.528081521520726
190804032206,92.16935011404414,1km,1.0,92.16935011404414,5,0.0051289325382671,0.008783573544858491,0.03970566263260178,0.6191391461354854,-0.0036546410065913908,-41.607678104211395
190803110606,70.23530866456733,12km,144.0,0.4877451990594953,16,0.026785307463953512,0.04613655860235862,-4.47971044416013,-26.197136515941434,-0.01935125113840511,-41.943421279401235
190803110603,79.0013182120224,12km,144.0,0.5486202653612666,16,0.03399110221971065,0.05906877150612301,-6.127563763887455,-29.45944225310174,-0.025077669286412363,-42.45503782622741
190804032307,75.56996223783975,1km,1.0,75.56996223783975,5,0.005014529087994851,0.008863452554929836,-0.015729368670545085,-0.24440054906424633,-0.0038489234669349844,-43.424652448714475
190804031602,99.47284325541096,1km,1.0,99.47284325541096,4,0.004335312498934131,0.008135841770121582,-0.0009894805845362953,-0.01588832099175927,-0.0038005292711874514,-46.71341182106909
1908040312,1120.725596296817,1km,1.0,1120.725596296817,2,0.004220048175680394,0.00798048477334878,0.010633027791561389,0.17196436313258998,-0.003760436597668386,-47.12040313924974
1908040313,1341.0642304274686,1km,1.0,1341.0642304274686,2,0.004083790332064009,0.007913744339083463,-0.009077063661285578,-0.1472550279191607,-0.0038299540070194545,-48.39623120125995
190804032205,171.31528117864374,1km,1.0,171.31528117864374,3,0.0040184062485626,0.007882264210024931,-0.018691171878485235,-0.3036660977456985,-0.0038638579614623317,-49.019645352006165
190804040103,107.40442369568778,12km,144.0,0.7458640534422762,16,0.018816844629262034,0.037049053498883114,-4.149056607822203,-28.61418350222209,-0.01823220886962108,-49.21099771191378
190804040402,147.24518491469073,12km,144.0,1.022536006352019,15,0.0038666201845632235,0.007689425600407307,-0.006745968546185921,-0.11058965002708901,-0.0038228054158440834,-49.71509725826062
1908040314,286.83691676753784,1km,1.0,286.83691676753784,3,0.003683734298475714,0.007461690312585024,0.0063264750714893125,0.10483246798599496,-0.00377795601410931,-50.6313697814199
190804032208,117.13646280096665,1km,1.0,117.13646280096665,4,0.0035447586575181912,0.007490561461310927,-0.041512780195268384,-0.6869447222041558,-0.0039458028037927355,-52.67699656658552
190902010103,104.93565062982054,12km,144.0,0.7287197960404205,16,0.005798139970992919,0.012582697194592984,-0.856666601271856,-11.422221350291412,-0.006784557223600066,-53.9197369107437
190902010101,134.41527119422858,12km,144.0,0.933439383293254,16,0.0030171802448173066,0.006990387515511464,-0.048659014062406136,-0.8247290385742921,-0.0039732072706941575,-56.83815470712786
190804031304,113.06730166843636,1km,1.0,113.06730166843636,4,0.002834207309779596,0.006677024983212612,-0.01111279247924113,-0.1912587429661678,-0.003842817673433016,-57.55284251735818
190804041303,153.9725275445342,12km,144.0,1.0692536635037095,15,0.012421433399254556,0.02970914527428547,-3.870411822858374,-31.21299953166547,-0.017287711875030913,-58.18986616890041
190804031305,877.416663515745,1km,1.0,877.416663515745,2,0.0026187521393624055,0.006441027795918874,-0.004951999413733255,-0.0862293380520125,-0.003822275656556469,-59.34263564237864
190901040401,141.835215549781,12km,144.0,0.9849667746512569,16,0.001539448428554132,0.0038447128002036535,0.43049635109326534,8.609927021865307,-0.0023052643716495215,-59.959338745079016
190804032600,990.4300897984875,1km,1.0,990.4300897984875,2,0.002132696993836874,0.0058829850220186095,0.01628390646884359,0.29166088607229396,-0.0037502880281817357,-63.74804651287233
1908040326,981.608921661607,1km,1.0,981.608921661607,2,0.0021606709277188704,0.005979672827923704,-0.0034124434350406574,-0.06081889901519759,-0.0038190019002048332,-63.8664022280779
190901040203,98.39761099693776,12km,144.0,0.68331674303429,16,0.0018144290395814902,0.005242790636633597,0.10880826050753445,2.014967751590953,-0.003428361597052107,-65.39192263556536
1908040316,361.7841492889903,1km,1.0,361.7841492889903,2,0.0017556320148432725,0.0056118359011918875,-0.013523100115278908,-0.24562505536630386,-0.003856203886348615,-68.71554967474374
190804031601,137.30954152074915,1km,1.0,137.30954152074915,4,0.0016401634060008857,0.005412410000373503,0.010649659051712668,0.19545932942414612,-0.003772246594372617,-69.69624611055518
1908040319,391.203199816315,1km,1.0,391.203199816315,2,0.001540028596156092,0.005327249998223437,0.006497053186548918,0.1197797957141009,-0.003787221402067345,-71.09149004327429
190804031904,108.43754103220601,1km,1.0,108.43754103220601,4,0.001349344168916189,0.005151327289084302,0.0025245920888998796,0.046979365828223846,-0.0038019831201681134,-73.80589325443448
190804032306,162.22329379111406,1km,1.0,162.22329379111406,3,0.00128426754022129,0.005152730096050891,-0.01640999958265521,-0.3053458826452967,-0.0038684625558296007,-75.07597882517528
190804031209,157.5908335913729,1km,1.0,157.5908335913729,3,0.001239314957014074,0.005052927926341436,-0.0006579744775159213,-0.01230852948701839,-0.0038136129693273624,-75.4733300161794
190804031402,127.37049541515616,1km,1.0,127.37049541515616,4,0.001098735725880949,0.004909654648269854,0.00029783724340148865,0.0056146048829735715,-0.003810918922388905,-77.62091624370892
190804032305,41.95040640342941,1km,1.0,41.95040640342941,7,0.0009483915728805518,0.004738832133583025,0.006354721210423797,0.12090841241071827,-0.003790440560702473,-79.98680801205181
190804031903,98.84422895340491,1km,1.0,98.84422895340491,4,0.0005902594927395845,0.004508799614177245,-0.029824120603015203,-0.5746458690369017,-0.00391854012143766,-86.90872198259595
190804031905,85.44891373096698,1km,1.0,85.44891373096698,5,2.7826423745807433e-05,0.0038447128002036535,0.0,0.0,-0.003816886376457846,-99.27624181071903
190804031603,125.3454564550416,1km,1.0,125.3454564550416,4,0.0,0.0038162965907910067,0.0002053660952654468,0.004114011354666117,-0.0038162965907910067,-100.0
1908040416,248.34717486560027,20km,400.0,0.6208679371640007,16,0.995264640401748,,,,,
1908040316,361.7841492889903,20km,400.0,0.9044603732224757,16,0.9970647562950998,,,,,
1908040314,286.83691676753784,20km,400.0,0.7170922919188446,16,0.9978942477283972,,,,,
1908040407,420.3674407434667,20km,400.0,1.0509186018586667,15,0.9939219958151677,,,,,
1908040319,391.203199816315,20km,400.0,0.9780079995407875,16,0.997085427055501,,,,,
190803110601,52.55999121843443,20km,400.0,0.13139997804608608,16,0.9951767366730597,,,,,
190803110604,107.74129884614561,12km,144.0,0.7482034642093445,16,0.04332949066267225,,,,,
190804032503,97.28786178419138,12km,144.0,0.6756101512791068,16,0.06597960972860399,,,,,
190803090201,125.90515664607327,12km,144.0,0.874341365597731,16,0.021868403789367042,,,,,
190803090201,125.90515664607327,20km,400.0,0.31476289161518317,16,0.9913059959013151,,,,,
190804020501,221.96211535958776,20km,400.0,0.5549052883989694,16,0.9870511784521219,,,,,
190901040704,169.39567136108846,12km,144.0,1.1763588288964477,15,0.026920539051743863,,,,,
190901040704,169.39567136108846,20km,400.0,0.42348917840272116,16,0.9908286820022796,,,,,
190804032302,122.72057781652472,12km,144.0,0.8522262348369772,16,0.0694712399248242,,,,,
190803091001,154.52648525715375,20km,400.0,0.3863162131428844,16,0.9945298362207546,,,,,
190804041101,66.53851826813836,12km,144.0,0.4620730435287386,16,0.017598275624890154,,,,,
190804041101,66.53851826813836,20km,400.0,0.1663462956703459,16,0.991132677755604,,,,,
190804041709,98.10036384213328,20km,400.0,0.2452509096053332,16,0.9945279483887903,,,,,
190803110603,79.0013182120224,20km,400.0,0.197503295530056,16,0.9945086180830345,,,,,
190803090603,106.5666019774261,20km,400.0,0.2664165049435653,16,0.991719222072766,,,,,
190804031903,98.84422895340491,20km,400.0,0.24711057238351228,16,0.9964627604447525,,,,,
190804032303,131.22226427840872,20km,400.0,0.32805566069602177,16,0.9938916870763475,,,,,
190804041103,60.85755283477333,20km,400.0,0.15214388208693333,16,0.9899406975442071,,,,,
190803090102,66.01215693917095,12km,144.0,0.4584177565220205,16,0.01831949317161047,,,,,
190803090305,144.36226631455662,20km,400.0,0.36090566578639155,16,0.997932610272211,,,,,
190804031603,125.3454564550416,12km,144.0,0.8704545587155667,16,0.07420140212632409,,,,,
190804031603,125.3454564550416,20km,400.0,0.313363641137604,16,0.9978857984412064,,,,,
190804041301,72.23538594473881,12km,144.0,0.5016346246162418,16,0.05044038289842323,,,,,
190804020507,129.07150859082992,12km,144.0,0.8963299207696522,16,0.022434695718634965,,,,,
190804020507,129.07150859082992,20km,400.0,0.3226787714770748,16,0.9880897127159405,,,,,
190804031501,117.28869279171084,12km,144.0,0.8145048110535476,16,0.020398238662514254,,,,,
190804031501,117.28869279171084,20km,400.0,0.2932217319792771,16,0.9917217683026145,,,,,
190804040505,99.6574164930065,12km,144.0,0.692065392312545,16,0.020439981934229173,,,,,
190804040505,99.6574164930065,20km,400.0,0.24914354123251622,16,0.9955124817819607,,,,,
190804040401,117.59745550140708,20km,400.0,0.2939936387535177,16,0.9856512298273883,,,,,
190804041603,114.85782935174889,12km,144.0,0.7976238149427006,16,0.04666631687671956,,,,,
190804041603,114.85782935174889,20km,400.0,0.2871445733793722,16,0.9957724991289993,,,,,
190804041703,74.1424636315559,20km,400.0,0.18535615907888975,16,0.996794519790299,,,,,
190804040604,92.27654386907905,20km,400.0,0.23069135967269763,16,0.9913779866814885,,,,,
190804031209,157.5908335913729,20km,400.0,0.39397708397843223,16,0.9961441308317929,,,,,
190902010111,114.37532251958963,12km,144.0,0.7942730730527058,16,0.023541419601577542,,,,,
190902010111,114.37532251958963,20km,400.0,0.2859383062989741,16,0.9886365909534571,,,,,
190901040701,151.62620329633435,20km,400.0,0.3790655082408359,16,0.9901210370836675,,,,,
190803090209,98.43016921508287,12km,144.0,0.6835428417714088,16,0.05173105758736336,,,,,
190803090209,98.43016921508287,20km,400.0,0.24607542303770719,16,0.9960772449945108,,,,,
190804020503,88.85884110181851,20km,400.0,0.22214710275454627,16,0.9900993132486784,,,,,
190804040904,60.20034351452202,12km,144.0,0.4180579410730696,16,0.03519735927015147,,,,,
190804040904,60.20034351452202,20km,400.0,0.15050085878630504,16,0.9956579196020354,,,,,
190804040508,102.3067874745153,20km,400.0,0.25576696868628823,16,0.9976137331377217,,,,,
190804040105,108.27626414662174,20km,400.0,0.27069066036655437,16,0.9892466048270236,,,,,
190901040203,98.39761099693776,20km,400.0,0.2459940274923444,16,0.9896933971473596,,,,,
190804041102,115.86246707083868,20km,400.0,0.2896561676770967,16,0.9908875752114541,,,,,
190804041504,110.9021628413883,12km,144.0,0.7701539086207521,16,0.03494585174158635,,,,,
190804041504,110.9021628413883,20km,400.0,0.27725540710347074,16,0.9926320253945606,,,,,
190804032205,171.31528117864374,20km,400.0,0.42828820294660935,16,0.9949638417590476,,,,,
190901040204,121.54557965291484,20km,400.0,0.3038639491322871,16,0.9897207974566005,,,,,
190804020504,39.678718344920526,12km,144.0,0.2755466551730592,16,0.033754533857615926,,,,,
190804020504,39.678718344920526,20km,400.0,0.09919679586230132,16,0.9889331239890895,,,,,
190804040306,146.86896311934072,20km,400.0,0.3671724077983518,16,0.9973810130663607,,,,,
190804041801,75.93919525777031,12km,144.0,0.5273555226234049,16,0.04156342693051142,,,,,
190804041801,75.93919525777031,20km,400.0,0.18984798814442577,16,0.9955620305824493,,,,,
190804032406,85.32457115597555,20km,400.0,0.21331142788993887,16,0.9968646031002759,,,,,
190901040402,42.20832598406575,12km,144.0,0.2931133748893455,16,0.0002692314985081913,,,,,
190901040402,42.20832598406575,20km,400.0,0.10552081496016438,16,0.9851391149538431,,,,,
190803090207,67.78756289801849,12km,144.0,0.4707469645695729,16,0.06742972467992964,,,,,
190803090207,67.78756289801849,20km,400.0,0.16946890724504624,16,0.9965172135276739,,,,,
190803090203,49.280995841505224,12km,144.0,0.3422291377882307,16,0.042690689268323465,,,,,
190803090203,49.280995841505224,20km,400.0,0.12320248960376307,16,0.9941582495766743,,,,,
190902010110,41.89686343388905,12km,144.0,0.2909504405131184,16,0.01987121719906681,,,,,
190902010110,41.89686343388905,20km,400.0,0.10474215858472263,16,0.9883333534519545,,,,,
190902010109,56.57772533439662,20km,400.0,0.14144431333599156,16,0.9900016997611851,,,,,
190804041402,119.74674920442347,12km,144.0,0.8315746472529407,16,0.043509012875261044,,,,,
190804032301,75.0246742753352,20km,400.0,0.187561685688338,16,0.9907190064906701,,,,,
190804041702,121.83243161669346,20km,400.0,0.30458107904173365,16,0.9957311926050114,,,,,
190803110504,133.93543786679882,20km,400.0,0.33483859466699706,16,0.9970442330636968,,,,,
190901040706,42.117223867055415,12km,144.0,0.29248072129899594,16,0.029788630950561477,,,,,
190901040706,42.117223867055415,20km,400.0,0.10529305966763854,16,0.9940888235677723,,,,,
190902040105,133.35230277465968,20km,400.0,0.3333807569366492,16,0.9978340418061524,,,,,
190804040805,118.26730300877894,20km,400.0,0.29566825752194736,16,0.9942285355435743,,,,,
190804040103,107.40442369568778,20km,400.0,0.2685110592392195,16,0.9926099693628914,,,,,
190804032501,57.55304379990561,20km,400.0,0.14388260949976403,16,0.9973412152364061,,,,,
190804032305,41.95040640342941,12km,144.0,0.291322266690482,16,0.09008276170302529,,,,,
190803090304,61.12397624479796,20km,400.0,0.1528099406119949,16,1.0,,,,,
190804032208,117.13646280096665,12km,144.0,0.8134476583400462,16,0.08683513568883831,,,,,
190804032208,117.13646280096665,20km,400.0,0.29284115700241664,16,0.9973951070867499,,,,,
190804041505,45.312709704164575,12km,144.0,0.31467159516780957,16,0.013407269179765268,,,,,
190804041505,45.312709704164575,20km,400.0,0.11328177426041144,16,0.989949234843039,,,,,
190901040904,86.11642971894457,20km,400.0,0.21529107429736144,16,0.9940970013759574,,,,,
190902010304,105.50719612562482,12km,144.0,0.7326888619835057,16,0.03725321769038316,,,,,
190902010304,105.50719612562482,20km,400.0,0.26376799031406206,16,0.9919792107603758,,,,,
190804040202,82.05000375233381,12km,144.0,0.5697916927245403,16,0.021306588028436626,,,,,
190804040202,82.05000375233381,20km,400.0,0.20512500938083453,16,0.992009423555297,,,,,
190804040807,58.2670246971483,20km,400.0,0.14566756174287077,16,0.9963234610677449,,,,,
190804041601,67.16707480898071,20km,400.0,0.1679176870224518,16,0.9949624169481865,,,,,
190901040301,49.73443286714597,12km,144.0,0.345378006021847,16,0.008933878013753845,,,,,
190901040301,49.73443286714597,20km,400.0,0.12433608216786492,16,0.9841921078812335,,,,,
190901040303,81.45888256410515,12km,144.0,0.5656866844729525,16,0.011557851953675438,,,,,
190901040303,81.45888256410515,20km,400.0,0.20364720641026288,16,0.9871684610583666,,,,,
190804040701,79.14016608642113,20km,400.0,0.19785041521605284,16,0.9923656996971906,,,,,
190804032405,56.60601624629852,20km,400.0,0.1415150406157463,16,0.9968616773021424,,,,,
190902010103,104.93565062982054,20km,400.0,0.2623391265745514,16,0.9878535821544516,,,,,
190804040102,112.66322311732908,12km,144.0,0.7823834938703409,16,0.024868562923591516,,,,,
190804031401,161.13248633840212,20km,400.0,0.4028312158460053,16,0.9969561860714853,,,,,
190901040407,143.33473711632666,20km,400.0,0.3583368427908167,16,0.9893475867490871,,,,,
190804041403,119.53078696304635,20km,400.0,0.2988269674076159,16,0.9928449687019938,,,,,
190804040606,52.13510201191759,20km,400.0,0.13033775502979397,16,0.9952521043269289,,,,,
190803110605,84.99798706148262,12km,144.0,0.5902637990380737,16,0.04776263582938507,,,,,
190803110605,84.99798706148262,20km,400.0,0.21249496765370654,16,0.994166007801518,,,,,
190804040305,47.2451143176503,20km,400.0,0.11811278579412575,16,0.996518868304977,,,,,
190804031905,85.44891373096698,20km,400.0,0.21362228432741745,16,0.9983070540749639,,,,,
190803110501,53.33438391879704,12km,144.0,0.3703776661027572,16,0.024012757817849954,,,,,
190803110501,53.33438391879704,20km,400.0,0.1333359597969926,16,0.9936889861250606,,,,,
190804041507,54.47837612723319,12km,144.0,0.37832205643911937,16,0.03824243941614548,,,,,
190804041507,54.47837612723319,20km,400.0,0.13619594031808296,16,0.993801478391662,,,,,
190804040703,144.2087980862068,20km,400.0,0.360521995215517,16,0.9941158341374732,,,,,
190804032008,66.8422934991788,12km,144.0,0.46418259374429716,16,0.058533297012787866,,,,,
190804032008,66.8422934991788,20km,400.0,0.167105733747947,16,0.9936490110963436,,,,,
190901040201,130.2000970451347,20km,400.0,0.3255002426128367,16,0.9902324945784324,,,,,
190803111601,50.740128430280855,20km,400.0,0.12685032107570213,16,0.9972519156156172,,,,,
190804031402,127.37049541515616,20km,400.0,0.31842623853789037,16,0.9990935521553375,,,,,
190901040405,113.76186825106356,20km,400.0,0.2844046706276589,16,0.9853344904158103,,,,,
190804040804,104.23697429187803,12km,144.0,0.7238678770269308,16,0.03803380955736485,,,,,
190804040804,104.23697429187803,20km,400.0,0.2605924357296951,16,0.9957008739752242,,,,,
190803090104,128.19299809975738,20km,400.0,0.32048249524939343,16,0.9956671740188912,,,,,
190804040905,53.03782992640348,12km,144.0,0.36831826337780194,16,0.042759539009507394,,,,,
190804040905,53.03782992640348,20km,400.0,0.1325945748160087,16,0.995973629236115,,,,,
190804032307,75.56996223783975,12km,144.0,0.5247914044294427,16,0.09086968947316941,,,,,
190901040409,142.9193890805442,20km,400.0,0.3572984727013605,16,0.9889939653795641,,,,,
190902010602,104.74890179004704,20km,400.0,0.2618722544751176,16,0.9944912683532596,,,,,
190902010302,79.83458468502549,12km,144.0,0.5544068380904548,16,0.02696296920029351,,,,,
190804040506,133.70910568064352,20km,400.0,0.3342727642016088,16,0.997369175052427,,,,,
190803091004,91.39594732018793,20km,400.0,0.22848986830046983,16,0.9982949135190216,,,,,
190804040303,97.6004764660119,12km,144.0,0.6777810865695271,16,0.0418019387011799,,,,,
190803111501,62.058853526267434,12km,144.0,0.4309642605990794,16,0.04527776957709366,,,,,
190803111501,62.058853526267434,20km,400.0,0.15514713381566858,16,0.9974867980723177,,,,,
190902010102,45.75426146610412,12km,144.0,0.3177379268479453,16,0.00033107933045082097,,,,,
190902010102,45.75426146610412,20km,400.0,0.1143856536652603,16,0.9838147784719633,,,,,
190803090108,146.9196605117756,20km,400.0,0.36729915127943896,16,0.9962659251885728,,,,,
190901040502,55.399807348086945,12km,144.0,0.3847208843617149,16,0.03434713796662092,,,,,
190901040502,55.399807348086945,20km,400.0,0.13849951837021737,16,0.9911648826224302,,,,,
190804040101,65.72312171881347,12km,144.0,0.45641056749176023,16,0.011269456235149963,,,,,
190804040101,65.72312171881347,20km,400.0,0.16430780429703368,16,0.9885567929829484,,,,,
190804040203,87.63648154896505,20km,400.0,0.21909120387241263,16,0.9957024493512563,,,,,
190902010104,51.02458421940413,12km,144.0,0.3543373904125287,16,0.012951732598858231,,,,,
190902010104,51.02458421940413,20km,400.0,0.12756146054851034,16,0.9866197410895166,,,,,
190804040903,110.04861915452322,20km,400.0,0.27512154788630805,16,0.9942053309766827,,,,,
190804021202,119.35844358243472,12km,144.0,0.8288780804335745,16,0.04024038158567443,,,,,
190804021202,119.35844358243472,20km,400.0,0.2983961089560868,16,0.9955217333414668,,,,,
190804032207,110.75157289910592,12km,144.0,0.76910814513268,16,0.07674911422060193,,,,,
190804032207,110.75157289910592,20km,400.0,0.27687893224776483,16,0.9936704533198668,,,,,
190804040403,136.5481289719034,20km,400.0,0.3413703224297585,16,0.9904063010284558,,,,,
190804041705,43.41083187495106,12km,144.0,0.3014641102427157,16,0.04233547470613361,,,,,
190804041705,43.41083187495106,20km,400.0,0.10852707968737764,16,0.9970356814846981,,,,,
190804020409,160.7084786566071,20km,400.0,0.4017711966415177,16,0.9893663964682149,,,,,
190804041302,56.19565855329652,20km,400.0,0.14048914638324128,16,0.9943486993932238,,,,,
190902010404,90.65031234882741,20km,400.0,0.22662578087206853,16,0.9900498760996761,,,,,
190804041401,49.587665554959976,20km,400.0,0.12396916388739994,16,0.9916406778117612,,,,,
190902040104,139.19906481251044,20km,400.0,0.34799766203127613,16,0.9963187365993318,,,,,
190804040704,65.8232058521239,20km,400.0,0.16455801463030975,16,0.995302484292639,,,,,
190803090401,147.74141075445667,20km,400.0,0.36935352688614165,16,0.9932894144899216,,,,,
190804031502,81.64960652116685,12km,144.0,0.567011156396992,16,0.04532204889233475,,,,,
190804031502,81.64960652116685,20km,400.0,0.2041240163029171,16,0.995171913155233,,,,,
190803090103,128.00682105464585,20km,400.0,0.3200170526366146,16,0.9948634804376952,,,,,
190901040302,69.9218009669923,20km,400.0,0.17480450241748074,16,0.9863376043392333,,,,,
190804040603,112.14481496417758,20km,400.0,0.28036203741044396,16,0.9908873424203677,,,,,
190902010303,48.2825040523327,12km,144.0,0.33529516703008816,16,0.021469220362206994,,,,,
190902010303,48.2825040523327,20km,400.0,0.12070626013083174,16,0.9935194234183151,,,,,
190804040304,126.90492388503431,20km,400.0,0.3172623097125858,16,0.9951562734070998,,,,,
190804040605,88.43316563027876,20km,400.0,0.2210829140756969,16,0.9921538206629135,,,,,
190901040708,107.51106096736525,12km,144.0,0.7466045900511475,16,0.04414372042030898,,,,,
190901040708,107.51106096736525,20km,400.0,0.2687776524184131,16,0.9946401230828028,,,,,
190803091007,146.54282118891018,20km,400.0,0.36635705297227544,16,0.9984649834564909,,,,,
190803090303,125.30094280618376,12km,144.0,0.8701454361540538,16,0.07682196930659074,,,,,
190803090303,125.30094280618376,20km,400.0,0.3132523570154594,16,0.9991278144524631,,,,,
190804040901,59.565786494839585,12km,144.0,0.41365129510305265,16,0.01924639701404512,,,,,
190804040806,99.03196678647515,20km,400.0,0.2475799169661879,16,0.9955981439881731,,,,,
190803090302,88.6907671636102,12km,144.0,0.6159081053028487,16,0.06605353969990503,,,,,
190803090302,88.6907671636102,20km,400.0,0.22172691790902552,16,0.997108149244343,,,,,
190804031601,137.30954152074915,12km,144.0,0.9535384827829803,16,0.06613320758290012,,,,,
190804031601,137.30954152074915,20km,400.0,0.34327385380187286,16,0.9967387103905021,,,,,
190804040106,151.56145718721794,20km,400.0,0.37890364296804485,16,0.9918410357274525,,,,,
190804041001,91.14362146233404,12km,144.0,0.632941815710653,16,0.046958862986862276,,,,,
190804041001,91.14362146233404,20km,400.0,0.2278590536558351,16,0.9958353298961855,,,,,
190804032103,127.61156827247854,20km,400.0,0.3190289206811963,16,0.9939567210379647,,,,,
190901040403,57.441337619388094,12km,144.0,0.39889817791241733,16,0.009622344012111227,,,,,
190901040403,57.441337619388094,20km,400.0,0.14360334404847022,16,0.9857698457747064,,,,,
190804031904,108.43754103220601,20km,400.0,0.27109385258051505,16,0.9970696826907812,,,,,
190804040802,47.563314242841955,20km,400.0,0.11890828560710488,16,0.99375998689084,,,,,
190804040501,91.05031962429894,12km,144.0,0.6322938862798537,16,0.050609177870516955,,,,,
190803091002,54.076238240976025,12km,144.0,0.37552943222900015,16,0.050007092293133215,,,,,
190803091002,54.076238240976025,20km,400.0,0.13519059560244007,16,0.9961702471405209,,,,,
190804041104,109.85800143508165,20km,400.0,0.2746450035877041,16,0.9927383708836199,,,,,
190803111805,57.01469490290309,12km,144.0,0.3959353812701603,16,0.0703306830256466,,,,,
190803111805,57.01469490290309,20km,400.0,0.1425367372572577,16,0.996682243463983,,,,,
190804040503,88.11552566724225,20km,400.0,0.22028881416810564,16,0.9970362935173331,,,,,
190804041309,49.98766066837365,20km,400.0,0.12496915167093413,16,0.9911952083492701,,,,,
190901040406,97.58071370580119,12km,144.0,0.6776438451791749,16,0.0035318584159627943,,,,,
190804032007,48.18737518566735,12km,144.0,0.3346345499004677,16,0.07703239447780148,,,,,
190804032007,48.18737518566735,20km,400.0,0.12046843796416837,16,0.994993694661924,,,,,
190804041701,102.89993881954376,12km,144.0,0.7145829084690539,16,0.019633719888936595,,,,,
190804041701,102.89993881954376,20km,400.0,0.2572498470488594,16,0.9935958803574059,,,,,
190804040302,57.527557424314665,12km,144.0,0.3994969265577407,16,0.04837968861876328,,,,,
190804040302,57.527557424314665,20km,400.0,0.14381889356078667,16,0.9964956374609633,,,,,
190804032502,115.09983657225979,20km,400.0,0.2877495914306495,16,0.9953378964803361,,,,,
190804031701,70.63704930787807,12km,144.0,0.4905350646380422,16,0.039201130311263724,,,,,
190902010107,121.13737570722941,20km,400.0,0.3028434392680735,16,0.9848645655035919,,,,,
190803091005,81.99811856421138,12km,144.0,0.5694313789181346,16,0.03771994098178047,,,,,
190803091005,81.99811856421138,20km,400.0,0.20499529641052847,16,0.9968906020677892,,,,,
190901040705,108.54770706935948,20km,400.0,0.2713692676733987,16,0.9910478454194762,,,,,
190803090107,86.09251675014279,12km,144.0,0.5978646996537694,16,0.03572792086906404,,,,,
190804020506,147.30489527155422,12km,144.0,1.0229506616080153,15,0.02976286966665889,,,,,
190901040501,49.31083734445086,12km,144.0,0.3424363704475754,16,0.017342022780690355,,,,,
190901040501,49.31083734445086,20km,400.0,0.12327709336112715,16,0.9883313592615006,,,,,
190803090202,47.48527267514625,20km,400.0,0.11871318168786563,16,0.991147103184773,,,,,
190902010106,86.12927309085659,12km,144.0,0.5981199520198374,16,0.0043185203232950255,,,,,
190902010106,86.12927309085659,20km,400.0,0.21532318272714146,16,0.983416524878306,,,,,
190902010203,44.430919418475064,20km,400.0,0.11107729854618766,16,0.9906932145944554,,,,,
190902010402,94.90052779339773,12km,144.0,0.6590314430097064,16,0.024358613277653065,,,,,
190902010402,94.90052779339773,20km,400.0,0.23725131948349432,16,0.9870112828380277,,,,,
190804032006,146.96928551744247,20km,400.0,0.3674232137936062,16,0.9900626624639037,,,,,
190804040602,71.4665055055797,12km,144.0,0.49629517712208127,16,0.04472004046691133,,,,,
190804040602,71.4665055055797,20km,400.0,0.17866626376394926,16,0.9920471765883119,,,,,
190804041704,66.77752816100501,12km,144.0,0.46373283445142366,16,0.047830763708691354,,,,,
190804041704,66.77752816100501,20km,400.0,0.16694382040251252,16,0.9971733832635934,,,,,
190804040104,55.91176703752585,20km,400.0,0.13977941759381463,16,0.9908337076646465,,,,,
190901040504,46.374643073924695,20km,400.0,0.11593660768481173,16,0.9873628833405304,,,,,
190804020406,66.37140126160872,12km,144.0,0.4609125087611717,16,0.016727139400475145,,,,,
190804020406,66.37140126160872,20km,400.0,0.1659285031540218,16,0.9913545398124191,,,,,
190803090307,135.10722368963783,20km,400.0,0.3377680592240946,16,0.9985574639136823,,,,,
190804040609,67.38612485199864,20km,400.0,0.1684653121299966,16,0.9922862970796711,,,,,
190804031602,99.47284325541096,20km,400.0,0.24868210813852742,16,0.996346871797287,,,,,
190803091003,127.27547151359298,12km,144.0,0.8838574410666179,16,0.06288804373978507,,,,,
190804041308,66.98794878008941,20km,400.0,0.16746987195022353,16,0.9928488241029023,,,,,
190804041201,120.9947697620597,20km,400.0,0.30248692440514924,16,0.9896921521087567,,,,,
190901040205,133.545924791328,12km,144.0,0.9274022554953333,16,0.011698939685938995,,,,,
190901040205,133.545924791328,20km,400.0,0.33386481197831996,16,0.9888832342844642,,,,,
190804040801,96.9808672846913,12km,144.0,0.6734782450325785,16,0.05008097667254749,,,,,
190804040801,96.9808672846913,20km,400.0,0.24245216821172824,16,0.9934485668358348,,,,,
190901040304,72.34556792900844,12km,144.0,0.5023997772847808,16,0.01480808769795398,,,,,
190901040304,72.34556792900844,20km,400.0,0.1808639198225211,16,0.985769187158595,,,,,
190804040502,133.2905748704765,20km,400.0,0.3332264371761912,16,0.9960615264422732,,,,,
190803090403,88.46761696854948,20km,400.0,0.2211690424213737,16,0.9964577751047707,,,,,
190804041803,39.89031930935242,12km,144.0,0.2770161063149474,16,0.055634790528057615,,,,,
190804020408,173.23370646862531,20km,400.0,0.43308426617156326,16,0.9927323672101942,,,,,
190804041501,45.19310724047391,12km,144.0,0.31384102250329104,16,0.04178128954227922,,,,,
190804041501,45.19310724047391,20km,400.0,0.11298276810118477,16,0.992637776812435,,,,,
190804032005,63.36764238749104,12km,144.0,0.44005307213535444,16,0.030893141317530754,,,,,
190804032005,63.36764238749104,20km,400.0,0.1584191059687276,16,0.989926420820987,,,,,
190901040404,147.32561069516345,20km,400.0,0.36831402673790864,16,0.9866258374995869,,,,,
190804032403,50.1453330033717,12km,144.0,0.34823147919008124,16,0.076547095052543,,,,,
190804032403,50.1453330033717,20km,400.0,0.12536333250842924,16,0.9965809160208481,,,,,
190803090206,82.7049008308776,20km,400.0,0.206762252077194,16,0.9960541690896629,,,,,
190804032306,162.22329379111406,20km,400.0,0.40555823447778516,16,0.9979345461289264,,,,,
190902010202,48.17611948404806,12km,144.0,0.33455638530588927,16,0.027227827329180342,,,,,
190902010202,48.17611948404806,20km,400.0,0.12044029871012014,16,0.9906024837941321,,,,,
190804041311,102.25841854446138,20km,400.0,0.25564604636115346,16,0.992402888895491,,,,,
190804041802,96.0774818975542,20km,400.0,0.2401937047438855,16,0.9953919325322673,,,,,
190901040511,135.13944951836115,20km,400.0,0.33784862379590286,16,0.9934304661449158,,,,,
190902010201,146.87597506048013,20km,400.0,0.36718993765120034,16,0.985568774321314,,,,,
190803090210,115.75803006481328,20km,400.0,0.2893950751620332,16,0.9968584153129125,,,,,
190803111806,113.80122009881246,12km,144.0,0.7902862506861976,16,0.061537804203740956,,,,,
190803111806,113.80122009881246,20km,400.0,0.28450305024703115,16,0.9979744263306018,,,,,
190804040509,159.51781898504763,20km,400.0,0.39879454746261905,16,0.998294135788147,,,,,
190804041708,79.66934672793506,12km,144.0,0.5532593522773268,16,0.04365742363443341,,,,,
190804041708,79.66934672793506,20km,400.0,0.19917336681983766,16,0.9948414520011082,,,,,
190803091008,123.80703376688123,12km,144.0,0.8597710678255641,16,0.07008209657122719,,,,,
190804040702,122.16184780143003,12km,144.0,0.8483461652877086,16,0.050099046635723385,,,,,
190804040702,122.16184780143003,20km,400.0,0.30540461950357506,16,0.9938238944916433,,,,,
190804040205,147.9313884390881,12km,144.0,1.0273013086047784,15,0.033998033067481864,,,,,
190804040205,147.9313884390881,20km,400.0,0.3698284710977202,16,0.9947809920654145,,,,,
190804040902,145.41129399628332,20km,400.0,0.3635282349907083,16,0.9902590267647888,,,,,
190803090105,44.98516316399364,12km,144.0,0.3123969664166225,16,0.043984990726706155,,,,,
190803090105,44.98516316399364,20km,400.0,0.1124629079099841,16,0.9958068225420811,,,,,
190804041502,72.19312876733613,12km,144.0,0.5013411719953899,16,0.026092051601818076,,,,,
190804041002,120.9648730627842,20km,400.0,0.3024121826569605,16,0.996008702677788,,,,,
190803110502,151.92224787901642,20km,400.0,0.37980561969754106,16,0.9919644193570707,,,,,
190804041306,38.46127236865677,12km,144.0,0.26709216922678314,16,0.019126707361619397,,,,,
190804041306,38.46127236865677,20km,400.0,0.09615318092164193,16,0.9931186331599005,,,,,
190804041304,149.67920249774147,12km,144.0,1.0394389062343157,15,0.033123295074802384,,,,,
190804041304,149.67920249774147,20km,400.0,0.3741980062443537,16,0.9970042406268058,,,,,
190804040504,95.82421958679971,12km,144.0,0.6654459693527758,16,0.05192024900743794,,,,,
190901040107,134.62365027037484,20km,400.0,0.3365591256759371,16,0.9875538780857536,,,,,
190902010205,127.90019758246228,12km,144.0,0.888195816544877,16,0.029439866446533455,,,,,
190902010205,127.90019758246228,20km,400.0,0.31975049395615573,16,0.988690909361297,,,,,
190804032401,155.69298029538996,12km,144.0,1.0812012520513192,15,0.07299201773943181,,,,,
190804032401,155.69298029538996,20km,400.0,0.3892324507384749,16,0.9956302165834727,,,,,
190901040106,47.12178679442782,12km,144.0,0.32723463051685986,16,0.010842774548584691,,,,,
190901040106,47.12178679442782,20km,400.0,0.11780446698606956,16,0.989397485625436,,,,,
190804031801,47.25632703262157,20km,400.0,0.11814081758155393,16,0.9938803881361611,,,,,
190803090106,95.05495479090469,12km,144.0,0.6601038527146159,16,0.043429186287820346,,,,,
190803090106,95.05495479090469,20km,400.0,0.23763738697726172,16,0.9942671219032113,,,,,
190804041307,45.69012134643222,12km,144.0,0.31729250935022374,16,0.04986133627980094,,,,,
190804041307,45.69012134643222,20km,400.0,0.11422530336608056,16,0.9931682951879652,,,,,
190804040507,65.16659687011388,12km,144.0,0.45254581159801305,16,0.04539442668833271,,,,,
190804040507,65.16659687011388,20km,400.0,0.1629164921752847,16,0.9977752050291604,,,,,
190804040808,164.28056975259872,20km,400.0,0.4107014243814968,16,0.9964189025621499,,,,,
190804032404,142.86660864158753,20km,400.0,0.35716652160396883,16,0.997681699848532,,,,,
190803090308,111.45513754242657,12km,144.0,0.7739940107112956,16,0.07988170795297521,,,,,
190803110602,138.05664269324924,20km,400.0,0.3451416067331231,16,0.9977502396488884,,,,,
190804041305,34.13772647190445,12km,144.0,0.2370675449437809,16,0.01970641802452699,,,,,
190804041305,34.13772647190445,20km,400.0,0.08534431617976113,16,0.9947974450701114,,,,,
190803090301,97.96657429938945,20km,400.0,0.24491643574847363,16,0.9992500973392737,,,,,
190804040404,120.67658652772364,12km,144.0,0.8380318508869697,16,0.028238105057183976,,,,,
190804040404,120.67658652772364,20km,400.0,0.3016914663193091,16,0.9932675714428265,,,,,
190901040503,57.38005179178396,20km,400.0,0.1434501294794599,16,0.9931800147723229,,,,,
190902010301,41.476016496820186,20km,400.0,0.10369004124205046,16,0.9933836175809059,,,,,
190804041602,70.6885995804864,12km,144.0,0.4908930526422666,16,0.05209571904632147,,,,,
190804041602,70.6885995804864,20km,400.0,0.176721498951216,16,0.9946394984391984,,,,,
190804041310,46.24896186171727,12km,144.0,0.3211733462619255,16,0.03808251880447788,,,,,
190804041310,46.24896186171727,20km,400.0,0.11562240465429317,16,0.9907446199296295,,,,,
190803110506,144.66794967474343,20km,400.0,0.3616698741868586,16,0.9955752653800103,,,,,
190902010206,30.508501028662334,12km,144.0,0.21186459047682177,16,0.041988419991416115,,,,,
190902010206,30.508501028662334,20km,400.0,0.07627125257165583,16,0.9906943046826919,,,,,
190804041804,114.65911641663493,20km,400.0,0.28664779104158733,16,0.9966807728043348,,,,,
190804041503,89.39276287708302,20km,400.0,0.22348190719270755,16,0.9914062657762861,,,,,
190804032002,157.679440171849,20km,400.0,0.3941986004296225,16,0.9892678624541005,,,,,
190803090101,59.91788669985944,12km,144.0,0.4160964354156905,16,0.023001195085032667,,,,,
190803090101,59.91788669985944,20km,400.0,0.1497947167496486,16,0.9959042278977766,,,,,
190902010105,131.88074136233743,20km,400.0,0.32970185340584357,16,0.9890571230313385,,,,,
190902010204,36.92392426068578,12km,144.0,0.2564161406992068,16,0.030927678504841915,,,,,
190902010204,36.92392426068578,20km,400.0,0.09230981065171445,16,0.9916174929387778,,,,,
190902010504,133.5103214028243,20km,400.0,0.33377580350706076,16,0.9881903477873408,,,,,
